Id,Label
1,2
2,0
3,12
4,9
5,7
6,0
7,9
8,13
9,15
10,0
11,16
12,0
13,9
14,8
15,9
16,7
17,10
18,2
19,5
20,0
21,14
22,6
23,10
24,7
25,5
26,0
27,0
28,7
29,9
30,81
31,6
32,32
33,10
34,20
35,1
36,45
37,14
38,0
39,6
40,8
41,6
42,6
43,7
44,5
45,0
46,4
47,14
48,0
49,35
50,7
51,11
52,5
53,5
54,10
55,8
56,3
57,8
58,2
59,12
60,5
61,0
62,0
63,11
64,36
65,36
66,0
67,72
68,4
69,35
70,6
71,9
72,8
73,12
74,10
75,18
76,11
77,7
78,35
79,0
80,12
81,6
82,7
83,4
84,0
85,54
86,27
87,7
88,42
89,0
90,12
91,15
92,6
93,0
94,0
95,0
96,15
97,8
98,7
99,0
100,12
101,0
102,4
103,12
104,14
105,5
106,54
107,0
108,8
109,0
110,9
111,0
112,0
113,5
114,7
115,36
116,21
117,24
118,3
119,9
120,0
121,12
122,63
123,0
124,0
125,3
126,56
127,4
128,25
129,30
130,6
131,0
132,27
133,72
134,25
135,28
136,0
137,54
138,16
139,24
140,0
141,35
142,9
143,14
144,17
145,12
146,1
147,8
148,35
149,0
150,6
151,9
152,10
153,0
154,0
155,20
156,0
157,0
158,7
159,16
160,0
161,15
162,0
163,6
164,8
165,1
166,8
167,13
168,63
169,6
170,0
171,8
172,6
173,12
174,10
175,13
176,0
177,0
178,9
179,8
180,0
181,2
182,17
183,63
184,0
185,14
186,16
187,9
188,0
189,24
190,8
191,0
192,0
193,12
194,0
195,5
196,12
197,9
198,32
199,5
200,10
201,0
202,0
203,0
204,7
205,13
206,0
207,0
208,24
209,32
210,14
211,0
212,20
213,6
214,3
215,11
216,0
217,0
218,10
219,16
220,9
221,14
222,12
223,24
224,32
225,0
226,0
227,0
228,15
229,0
230,9
231,0
232,0
233,6
234,0
235,21
236,0
237,16
238,4
239,11
240,0
241,13
242,0
243,48
244,0
245,0
246,0
247,12
248,14
249,8
250,10
251,72
252,9
253,5
254,12
255,0
256,7
257,0
258,6
259,8
260,0
261,2
262,4
263,21
264,10
265,20
266,63
267,8
268,0
269,6
270,0
271,36
272,0
273,14
274,13
275,0
276,8
277,15
278,0
279,16
280,0
281,3
282,0
283,0
284,2
285,0
286,15
287,9
288,12
289,48
290,9
291,0
292,10
293,0
294,27
295,24
296,9
297,11
298,16
299,14
300,0
301,21
302,18
303,4
304,7
305,10
306,14
307,0
308,9
309,40
310,7
311,12
312,8
313,7
314,2
315,28
316,56
317,11
318,48
319,0
320,8
321,0
322,9
323,81
324,3
325,0
326,0
327,4
328,6
329,17
330,15
331,13
332,0
333,13
334,8
335,6
336,9
337,10
338,18
339,0
340,12
341,0
342,0
343,3
344,0
345,5
346,0
347,8
348,5
349,0
350,8
351,3
352,0
353,0
354,0
355,4
356,8
357,5
358,45
359,12
360,15
361,8
362,0
363,4
364,49
365,14
366,0
367,3
368,11
369,10
370,1
371,10
372,8
373,0
374,7
375,28
376,6
377,4
378,11
379,0
380,4
381,0
382,42
383,54
384,0
385,15
386,64
387,10
388,6
389,10
390,9
391,0
392,12
393,1
394,8
395,0
396,14
397,10
398,9
399,0
400,0
401,4
402,1
403,1
404,3
405,48
406,9
407,0
408,3
409,0
410,27
411,5
412,10
413,0
414,7
415,10
416,27
417,0
418,3
419,6
420,5
421,6
422,6
423,0
424,0
425,5
426,0
427,8
428,9
429,0
430,16
431,8
432,4
433,42
434,9
435,0
436,14
437,18
438,6
439,20
440,8
441,12
442,56
443,8
444,20
445,9
446,2
447,0
448,12
449,0
450,0
451,0
452,0
453,0
454,35
455,5
456,6
457,0
458,64
459,18
460,4
461,0
462,15
463,9
464,9
465,4
466,6
467,3
468,0
469,8
470,0
471,8
472,14
473,14
474,21
475,6
476,6
477,9
478,4
479,0
480,6
481,8
482,81
483,0
484,0
485,0
486,5
487,2
488,14
489,8
490,14
491,14
492,7
493,0
494,9
495,17
496,12
497,56
498,11
499,12
500,13
501,3
502,10
503,42
504,0
505,0
506,0
507,42
508,36
509,12
510,13
511,0
512,12
513,5
514,72
515,7
516,4
517,0
518,0
519,8
520,0
521,10
522,18
523,30
524,4
525,24
526,8
527,7
528,12
529,7
530,63
531,0
532,6
533,0
534,40
535,2
536,2
537,28
538,9
539,6
540,0
541,0
542,0
543,14
544,9
545,6
546,27
547,7
548,7
549,0
550,8
551,5
552,0
553,8
554,0
555,12
556,9
557,0
558,7
559,11
560,18
561,0
562,14
563,9
564,8
565,0
566,12
567,12
568,7
569,0
570,40
571,2
572,3
573,0
574,8
575,0
576,0
577,0
578,3
579,24
580,0
581,21
582,0
583,0
584,11
585,24
586,6
587,3
588,6
589,7
590,0
591,9
592,8
593,5
594,36
595,0
596,9
597,40
598,0
599,2
600,0
601,0
602,9
603,4
604,16
605,17
606,5
607,16
608,15
609,18
610,0
611,9
612,18
613,0
614,0
615,5
616,0
617,36
618,9
619,40
620,2
621,6
622,0
623,14
624,0
625,9
626,8
627,4
628,12
629,16
630,7
631,10
632,27
633,7
634,7
635,0
636,3
637,10
638,9
639,8
640,12
641,9
642,13
643,30
644,14
645,0
646,17
647,32
648,21
649,63
650,6
651,16
652,15
653,16
654,21
655,0
656,0
657,6
658,0
659,9
660,0
661,64
662,0
663,5
664,4
665,0
666,0
667,8
668,15
669,10
670,8
671,0
672,0
673,10
674,8
675,14
676,15
677,6
678,12
679,7
680,12
681,7
682,0
683,6
684,24
685,9
686,16
687,63
688,12
689,4
690,0
691,8
692,7
693,8
694,11
695,8
696,9
697,12
698,0
699,13
700,3
701,56
702,10
703,7
704,16
705,72
706,14
707,63
708,5
709,12
710,27
711,10
712,10
713,7
714,11
715,42
716,15
717,12
718,0
719,10
720,0
721,12
722,14
723,16
724,7
725,10
726,4
727,13
728,0
729,4
730,6
731,12
732,9
733,18
734,1
735,0
736,0
737,0
738,18
739,7
740,14
741,0
742,9
743,0
744,2
745,6
746,3
747,6
748,40
749,0
750,12
751,6
752,0
753,42
754,6
755,13
756,8
757,0
758,0
759,4
760,0
761,3
762,16
763,0
764,56
765,0
766,14
767,10
768,3
769,2
770,8
771,40
772,45
773,16
774,8
775,24
776,8
777,5
778,0
779,2
780,5
781,12
782,2
783,6
784,5
785,10
786,8
787,12
788,12
789,8
790,2
791,10
792,8
793,15
794,2
795,8
796,14
797,12
798,9
799,16
800,0
801,6
802,6
803,16
804,15
805,10
806,7
807,0
808,6
809,40
810,36
811,8
812,12
813,12
814,0
815,13
816,14
817,5
818,24
819,30
820,14
821,0
822,0
823,63
824,10
825,14
826,0
827,21
828,13
829,49
830,36
831,4
832,56
833,3
834,0
835,0
836,6
837,7
838,24
839,49
840,6
841,12
842,0
843,0
844,40
845,12
846,15
847,10
848,10
849,0
850,15
851,8
852,11
853,8
854,63
855,2
856,8
857,3
858,13
859,20
860,15
861,8
862,24
863,13
864,24
865,9
866,6
867,0
868,9
869,4
870,18
871,0
872,30
873,0
874,0
875,12
876,1
877,0
878,7
879,30
880,3
881,7
882,6
883,10
884,18
885,16
886,30
887,6
888,63
889,24
890,14
891,3
892,14
893,2
894,0
895,0
896,8
897,42
898,10
899,18
900,24
901,0
902,8
903,0
904,27
905,6
906,7
907,24
908,0
909,0
910,16
911,4
912,14
913,0
914,0
915,20
916,7
917,48
918,9
919,16
920,14
921,11
922,11
923,11
924,0
925,0
926,24
927,12
928,8
929,10
930,6
931,0
932,8
933,8
934,54
935,6
936,16
937,6
938,48
939,12
940,3
941,21
942,11
943,13
944,49
945,11
946,8
947,18
948,9
949,8
950,15
951,15
952,20
953,0
954,72
955,0
956,9
957,0
958,16
959,11
960,14
961,9
962,14
963,0
964,3
965,10
966,9
967,9
968,3
969,0
970,12
971,8
972,10
973,5
974,42
975,0
976,40
977,0
978,27
979,0
980,24
981,15
982,9
983,3
984,0
985,0
986,4
987,20
988,8
989,9
990,0
991,10
992,63
993,0
994,3
995,0
996,9
997,72
998,8
999,10
1000,0
1001,0
1002,15
1003,0
1004,8
1005,0
1006,8
1007,0
1008,0
1009,5
1010,0
1011,6
1012,11
1013,6
1014,4
1015,16
1016,35
1017,0
1018,25
1019,18
1020,10
1021,7
1022,8
1023,7
1024,14
1025,9
1026,11
1027,4
1028,10
1029,30
1030,1
1031,9
1032,13
1033,3
1034,12
1035,8
1036,3
1037,0
1038,8
1039,6
1040,18
1041,0
1042,16
1043,0
1044,3
1045,2
1046,21
1047,24
1048,5
1049,5
1050,6
1051,5
1052,6
1053,0
1054,11
1055,2
1056,13
1057,0
1058,0
1059,17
1060,9
1061,0
1062,20
1063,9
1064,0
1065,6
1066,6
1067,2
1068,6
1069,12
1070,0
1071,3
1072,0
1073,0
1074,0
1075,13
1076,8
1077,3
1078,7
1079,12
1080,9
1081,6
1082,6
1083,11
1084,8
1085,0
1086,11
1087,11
1088,56
1089,18
1090,0
1091,9
1092,0
1093,4
1094,6
1095,1
1096,0
1097,35
1098,16
1099,15
1100,1
1101,0
1102,8
1103,63
1104,17
1105,48
1106,12
1107,3
1108,10
1109,0
1110,0
1111,4
1112,8
1113,9
1114,16
1115,63
1116,0
1117,9
1118,0
1119,12
1120,0
1121,20
1122,36
1123,8
1124,0
1125,40
1126,4
1127,0
1128,0
1129,20
1130,7
1131,32
1132,10
1133,6
1134,10
1135,11
1136,0
1137,15
1138,12
1139,63
1140,8
1141,4
1142,16
1143,0
1144,14
1145,8
1146,9
1147,9
1148,7
1149,10
1150,2
1151,12
1152,0
1153,16
1154,0
1155,24
1156,6
1157,9
1158,0
1159,10
1160,9
1161,8
1162,72
1163,14
1164,24
1165,8
1166,20
1167,16
1168,0
1169,0
1170,9
1171,18
1172,8
1173,8
1174,6
1175,30
1176,14
1177,2
1178,6
1179,28
1180,2
1181,13
1182,63
1183,15
1184,7
1185,5
1186,13
1187,12
1188,17
1189,10
1190,5
1191,0
1192,21
1193,63
1194,14
1195,0
1196,9
1197,7
1198,8
1199,12
1200,7
1201,6
1202,27
1203,0
1204,12
1205,14
1206,42
1207,15
1208,0
1209,18
1210,0
1211,72
1212,0
1213,16
1214,0
1215,15
1216,15
1217,9
1218,0
1219,40
1220,6
1221,8
1222,2
1223,9
1224,6
1225,0
1226,9
1227,9
1228,3
1229,6
1230,0
1231,4
1232,0
1233,4
1234,5
1235,3
1236,6
1237,8
1238,42
1239,6
1240,9
1241,3
1242,48
1243,8
1244,12
1245,45
1246,8
1247,9
1248,0
1249,0
1250,0
1251,7
1252,8
1253,24
1254,0
1255,13
1256,24
1257,11
1258,4
1259,9
1260,9
1261,24
1262,3
1263,30
1264,0
1265,0
1266,5
1267,9
1268,27
1269,20
1270,7
1271,9
1272,0
1273,2
1274,0
1275,20
1276,0
1277,36
1278,0
1279,8
1280,6
1281,3
1282,1
1283,8
1284,24
1285,16
1286,30
1287,14
1288,0
1289,10
1290,10
1291,42
1292,42
1293,8
1294,9
1295,0
1296,9
1297,14
1298,0
1299,2
1300,0
1301,0
1302,9
1303,0
1304,16
1305,54
1306,13
1307,36
1308,2
1309,15
1310,5
1311,4
1312,54
1313,36
1314,8
1315,8
1316,5
1317,0
1318,0
1319,2
1320,0
1321,36
1322,0
1323,7
1324,35
1325,9
1326,6
1327,3
1328,11
1329,0
1330,10
1331,11
1332,2
1333,0
1334,7
1335,28
1336,7
1337,11
1338,36
1339,49
1340,0
1341,12
1342,14
1343,0
1344,0
1345,7
1346,9
1347,9
1348,8
1349,9
1350,7
1351,16
1352,13
1353,3
1354,4
1355,0
1356,0
1357,0
1358,9
1359,3
1360,5
1361,8
1362,11
1363,10
1364,72
1365,16
1366,6
1367,72
1368,9
1369,4
1370,7
1371,14
1372,0
1373,5
1374,8
1375,6
1376,2
1377,3
1378,3
1379,3
1380,10
1381,9
1382,9
1383,0
1384,7
1385,0
1386,0
1387,12
1388,13
1389,9
1390,21
1391,36
1392,63
1393,0
1394,11
1395,0
1396,9
1397,7
1398,8
1399,6
1400,2
1401,0
1402,0
1403,1
1404,0
1405,8
1406,8
1407,14
1408,6
1409,6
1410,4
1411,10
1412,5
1413,8
1414,18
1415,63
1416,7
1417,9
1418,10
1419,45
1420,2
1421,27
1422,24
1423,16
1424,9
1425,28
1426,0
1427,0
1428,9
1429,18
1430,14
1431,0
1432,4
1433,21
1434,6
1435,0
1436,3
1437,0
1438,0
1439,9
1440,6
1441,8
1442,5
1443,63
1444,15
1445,6
1446,9
1447,42
1448,7
1449,1
1450,12
1451,0
1452,0
1453,11
1454,0
1455,9
1456,9
1457,7
1458,6
1459,18
1460,4
1461,0
1462,72
1463,0
1464,0
1465,16
1466,0
1467,9
1468,8
1469,9
1470,9
1471,14
1472,11
1473,0
1474,8
1475,40
1476,6
1477,72
1478,8
1479,18
1480,8
1481,10
1482,9
1483,0
1484,3
1485,10
1486,7
1487,18
1488,10
1489,0
1490,28
1491,9
1492,1
1493,9
1494,0
1495,0
1496,56
1497,16
1498,0
1499,9
1500,6
1501,6
1502,8
1503,0
1504,0
1505,18
1506,9
1507,18
1508,7
1509,63
1510,21
1511,14
1512,35
1513,8
1514,0
1515,18
1516,0
1517,7
1518,0
1519,48
1520,0
1521,10
1522,0
1523,0
1524,8
1525,15
1526,0
1527,18
1528,32
1529,7
1530,10
1531,48
1532,54
1533,48
1534,10
1535,9
1536,40
1537,8
1538,64
1539,8
1540,14
1541,5
1542,0
1543,6
1544,9
1545,10
1546,24
1547,7
1548,35
1549,24
1550,3
1551,11
1552,0
1553,11
1554,5
1555,36
1556,5
1557,0
1558,0
1559,5
1560,9
1561,8
1562,3
1563,6
1564,5
1565,5
1566,42
1567,3
1568,0
1569,0
1570,3
1571,7
1572,12
1573,12
1574,30
1575,8
1576,45
1577,10
1578,1
1579,42
1580,6
1581,9
1582,15
1583,10
1584,0
1585,0
1586,13
1587,0
1588,10
1589,0
1590,4
1591,10
1592,3
1593,0
1594,0
1595,10
1596,11
1597,40
1598,15
1599,13
1600,14
1601,1
1602,0
1603,11
1604,5
1605,9
1606,27
1607,7
1608,15
1609,27
1610,0
1611,10
1612,15
1613,32
1614,1
1615,5
1616,9
1617,7
1618,54
1619,35
1620,8
1621,9
1622,9
1623,48
1624,28
1625,56
1626,24
1627,9
1628,7
1629,0
1630,0
1631,0
1632,24
1633,18
1634,0
1635,24
1636,8
1637,28
1638,8
1639,3
1640,13
1641,10
1642,0
1643,13
1644,0
1645,30
1646,6
1647,10
1648,40
1649,12
1650,10
1651,0
1652,14
1653,9
1654,10
1655,0
1656,6
1657,12
1658,13
1659,16
1660,9
1661,0
1662,0
1663,3
1664,10
1665,0
1666,49
1667,0
1668,4
1669,32
1670,8
1671,0
1672,9
1673,16
1674,27
1675,8
1676,0
1677,0
1678,7
1679,0
1680,9
1681,48
1682,42
1683,10
1684,7
1685,9
1686,9
1687,0
1688,7
1689,42
1690,15
1691,11
1692,7
1693,8
1694,7
1695,9
1696,13
1697,0
1698,3
1699,0
1700,4
1701,24
1702,0
1703,0
1704,20
1705,2
1706,0
1707,6
1708,24
1709,0
1710,36
1711,10
1712,8
1713,14
1714,2
1715,0
1716,42
1717,7
1718,14
1719,12
1720,9
1721,0
1722,9
1723,11
1724,0
1725,15
1726,72
1727,0
1728,7
1729,0
1730,14
1731,0
1732,9
1733,21
1734,3
1735,4
1736,5
1737,15
1738,10
1739,5
1740,0
1741,18
1742,2
1743,16
1744,6
1745,8
1746,0
1747,3
1748,10
1749,18
1750,12
1751,0
1752,0
1753,30
1754,8
1755,8
1756,2
1757,32
1758,11
1759,0
1760,8
1761,3
1762,12
1763,10
1764,8
1765,14
1766,0
1767,0
1768,9
1769,8
1770,8
1771,54
1772,9
1773,7
1774,14
1775,3
1776,6
1777,0
1778,0
1779,17
1780,10
1781,4
1782,7
1783,18
1784,7
1785,4
1786,6
1787,3
1788,5
1789,0
1790,12
1791,14
1792,27
1793,0
1794,11
1795,30
1796,0
1797,15
1798,10
1799,7
1800,4
1801,0
1802,42
1803,30
1804,5
1805,10
1806,4
1807,63
1808,20
1809,0
1810,0
1811,10
1812,12
1813,28
1814,0
1815,4
1816,2
1817,8
1818,10
1819,8
1820,12
1821,6
1822,0
1823,6
1824,36
1825,9
1826,16
1827,10
1828,12
1829,21
1830,16
1831,25
1832,0
1833,12
1834,6
1835,0
1836,18
1837,10
1838,9
1839,13
1840,48
1841,0
1842,3
1843,7
1844,9
1845,9
1846,6
1847,3
1848,0
1849,0
1850,8
1851,3
1852,0
1853,20
1854,0
1855,8
1856,12
1857,36
1858,0
1859,11
1860,3
1861,24
1862,0
1863,9
1864,6
1865,0
1866,8
1867,9
1868,0
1869,8
1870,8
1871,10
1872,36
1873,2
1874,5
1875,0
1876,4
1877,0
1878,3
1879,12
1880,45
1881,8
1882,16
1883,10
1884,12
1885,63
1886,40
1887,32
1888,24
1889,0
1890,10
1891,12
1892,48
1893,54
1894,7
1895,6
1896,7
1897,24
1898,9
1899,7
1900,28
1901,1
1902,0
1903,0
1904,6
1905,24
1906,0
1907,12
1908,15
1909,13
1910,56
1911,13
1912,7
1913,0
1914,12
1915,9
1916,9
1917,12
1918,8
1919,16
1920,0
1921,48
1922,15
1923,24
1924,0
1925,9
1926,0
1927,0
1928,0
1929,9
1930,4
1931,0
1932,11
1933,12
1934,63
1935,7
1936,0
1937,10
1938,11
1939,11
1940,12
1941,56
1942,9
1943,8
1944,13
1945,8
1946,5
1947,0
1948,16
1949,12
1950,13
1951,6
1952,10
1953,14
1954,12
1955,11
1956,0
1957,0
1958,14
1959,12
1960,6
1961,0
1962,9
1963,10
1964,18
1965,10
1966,0
1967,7
1968,9
1969,1
1970,0
1971,0
1972,8
1973,15
1974,21
1975,0
1976,12
1977,12
1978,0
1979,4
1980,7
1981,24
1982,16
1983,8
1984,14
1985,4
1986,10
1987,8
1988,7
1989,63
1990,72
1991,9
1992,0
1993,0
1994,12
1995,0
1996,12
1997,3
1998,0
1999,0
2000,0
2001,12
2002,8
2003,4
2004,3
2005,24
2006,6
2007,16
2008,16
2009,6
2010,4
2011,6
2012,5
2013,0
2014,9
2015,0
2016,0
2017,14
2018,14
2019,0
2020,10
2021,6
2022,0
2023,63
2024,15
2025,6
2026,9
2027,10
2028,8
2029,6
2030,17
2031,0
2032,0
2033,16
2034,4
2035,4
2036,6
2037,0
2038,0
2039,8
2040,7
2041,2
2042,8
2043,0
2044,27
2045,2
2046,0
2047,4
2048,7
2049,0
2050,24
2051,6
2052,8
2053,30
2054,0
2055,8
2056,1
2057,11
2058,8
2059,12
2060,15
2061,12
2062,11
2063,0
2064,0
2065,6
2066,0
2067,0
2068,4
2069,0
2070,32
2071,0
2072,0
2073,0
2074,6
2075,10
2076,56
2077,0
2078,4
2079,0
2080,3
2081,7
2082,1
2083,63
2084,9
2085,8
2086,35
2087,13
2088,9
2089,0
2090,9
2091,12
2092,10
2093,8
2094,0
2095,24
2096,0
2097,0
2098,6
2099,63
2100,28
2101,5
2102,0
2103,0
2104,0
2105,14
2106,42
2107,11
2108,7
2109,12
2110,6
2111,0
2112,2
2113,0
2114,18
2115,8
2116,0
2117,45
2118,3
2119,5
2120,56
2121,0
2122,0
2123,0
2124,11
2125,0
2126,16
2127,9
2128,8
2129,7
2130,12
2131,18
2132,14
2133,28
2134,7
2135,12
2136,4
2137,0
2138,3
2139,12
2140,0
2141,8
2142,15
2143,9
2144,28
2145,0
2146,8
2147,4
2148,7
2149,36
2150,0
2151,14
2152,63
2153,13
2154,10
2155,7
2156,18
2157,18
2158,0
2159,28
2160,0
2161,11
2162,0
2163,4
2164,8
2165,10
2166,12
2167,7
2168,3
2169,0
2170,5
2171,8
2172,0
2173,2
2174,0
2175,10
2176,12
2177,8
2178,9
2179,13
2180,1
2181,0
2182,10
2183,16
2184,2
2185,4
2186,0
2187,11
2188,10
2189,15
2190,12
2191,18
2192,2
2193,15
2194,9
2195,72
2196,11
2197,12
2198,0
2199,72
2200,40
2201,54
2202,12
2203,6
2204,6
2205,63
2206,72
2207,12
2208,10
2209,6
2210,0
2211,13
2212,42
2213,9
2214,4
2215,36
2216,0
2217,7
2218,9
2219,11
2220,14
2221,0
2222,0
2223,8
2224,5
2225,5
2226,3
2227,0
2228,9
2229,8
2230,17
2231,0
2232,7
2233,54
2234,6
2235,0
2236,3
2237,15
2238,54
2239,72
2240,12
2241,24
2242,12
2243,21
2244,4
2245,0
2246,4
2247,18
2248,32
2249,0
2250,0
2251,2
2252,9
2253,14
2254,6
2255,0
2256,8
2257,0
2258,8
2259,17
2260,16
2261,0
2262,0
2263,2
2264,17
2265,16
2266,12
2267,0
2268,6
2269,7
2270,14
2271,0
2272,14
2273,0
2274,4
2275,16
2276,6
2277,9
2278,3
2279,9
2280,8
2281,9
2282,8
2283,8
2284,3
2285,12
2286,7
2287,9
2288,0
2289,8
2290,32
2291,12
2292,16
2293,0
2294,10
2295,0
2296,7
2297,0
2298,0
2299,36
2300,7
2301,4
2302,36
2303,14
2304,18
2305,4
2306,81
2307,15
2308,4
2309,0
2310,0
2311,0
2312,9
2313,0
2314,0
2315,3
2316,0
2317,0
2318,12
2319,16
2320,16
2321,2
2322,45
2323,12
2324,15
2325,3
2326,12
2327,8
2328,12
2329,6
2330,15
2331,12
2332,18
2333,0
2334,42
2335,6
2336,30
2337,15
2338,14
2339,36
2340,0
2341,5
2342,12
2343,13
2344,32
2345,0
2346,8
2347,0
2348,0
2349,13
2350,4
2351,0
2352,6
2353,12
2354,35
2355,63
2356,32
2357,36
2358,0
2359,0
2360,35
2361,10
2362,12
2363,0
2364,0
2365,14
2366,30
2367,35
2368,42
2369,8
2370,16
2371,63
2372,72
2373,15
2374,9
2375,8
2376,18
2377,3
2378,8
2379,9
2380,0
2381,8
2382,6
2383,0
2384,15
2385,13
2386,8
2387,12
2388,3
2389,4
2390,14
2391,7
2392,16
2393,12
2394,9
2395,8
2396,40
2397,7
2398,9
2399,9
2400,0
2401,0
2402,7
2403,8
2404,0
2405,12
2406,21
2407,12
2408,0
2409,5
2410,9
2411,10
2412,6
2413,0
2414,15
2415,0
2416,1
2417,3
2418,7
2419,21
2420,1
2421,9
2422,12
2423,6
2424,9
2425,12
2426,11
2427,0
2428,9
2429,0
2430,0
2431,4
2432,2
2433,13
2434,12
2435,0
2436,0
2437,0
2438,16
2439,35
2440,7
2441,4
2442,4
2443,8
2444,5
2445,13
2446,12
2447,4
2448,14
2449,24
2450,5
2451,9
2452,8
2453,5
2454,0
2455,6
2456,0
2457,12
2458,54
2459,0
2460,4
2461,12
2462,4
2463,9
2464,8
2465,9
2466,7
2467,7
2468,0
2469,0
2470,15
2471,10
2472,13
2473,8
2474,63
2475,15
2476,0
2477,6
2478,10
2479,0
2480,24
2481,17
2482,18
2483,14
2484,6
2485,18
2486,0
2487,0
2488,9
2489,21
2490,9
2491,0
2492,0
2493,0
2494,0
2495,16
2496,8
2497,0
2498,9
2499,21
2500,20
2501,9
2502,15
2503,3
2504,0
2505,0
2506,11
2507,0
2508,1
2509,2
2510,13
2511,14
2512,10
2513,16
2514,7
2515,0
2516,20
2517,11
2518,6
2519,12
2520,18
2521,12
2522,7
2523,3
2524,32
2525,10
2526,11
2527,42
2528,0
2529,0
2530,15
2531,8
2532,15
2533,8
2534,0
2535,10
2536,9
2537,13
2538,45
2539,0
2540,15
2541,12
2542,63
2543,8
2544,1
2545,6
2546,0
2547,15
2548,0
2549,6
2550,6
2551,14
2552,7
2553,0
2554,54
2555,0
2556,16
2557,0
2558,0
2559,15
2560,7
2561,24
2562,8
2563,6
2564,10
2565,1
2566,0
2567,0
2568,12
2569,27
2570,0
2571,7
2572,45
2573,56
2574,6
2575,0
2576,8
2577,11
2578,11
2579,6
2580,8
2581,8
2582,3
2583,0
2584,6
2585,35
2586,6
2587,27
2588,45
2589,3
2590,4
2591,9
2592,2
2593,5
2594,10
2595,2
2596,16
2597,4
2598,0
2599,13
2600,11
2601,8
2602,9
2603,6
2604,6
2605,0
2606,9
2607,0
2608,0
2609,16
2610,12
2611,8
2612,48
2613,4
2614,8
2615,9
2616,9
2617,63
2618,0
2619,18
2620,3
2621,9
2622,40
2623,6
2624,0
2625,13
2626,15
2627,11
2628,0
2629,0
2630,4
2631,42
2632,1
2633,0
2634,24
2635,2
2636,0
2637,9
2638,0
2639,7
2640,0
2641,14
2642,63
2643,8
2644,14
2645,6
2646,8
2647,0
2648,4
2649,14
2650,5
2651,10
2652,0
2653,16
2654,11
2655,54
2656,2
2657,5
2658,6
2659,10
2660,6
2661,16
2662,0
2663,0
2664,0
2665,18
2666,36
2667,0
2668,8
2669,14
2670,54
2671,12
2672,0
2673,18
2674,7
2675,0
2676,36
2677,8
2678,28
2679,45
2680,0
2681,16
2682,6
2683,12
2684,4
2685,72
2686,15
2687,16
2688,7
2689,0
2690,42
2691,0
2692,12
2693,5
2694,20
2695,3
2696,6
2697,5
2698,6
2699,12
2700,0
2701,0
2702,8
2703,24
2704,0
2705,13
2706,15
2707,8
2708,8
2709,0
2710,24
2711,0
2712,0
2713,0
2714,11
2715,14
2716,9
2717,0
2718,0
2719,24
2720,4
2721,54
2722,4
2723,0
2724,0
2725,5
2726,14
2727,0
2728,0
2729,0
2730,5
2731,0
2732,0
2733,8
2734,24
2735,11
2736,8
2737,6
2738,0
2739,15
2740,27
2741,54
2742,9
2743,0
2744,6
2745,9
2746,6
2747,18
2748,15
2749,0
2750,1
2751,10
2752,12
2753,9
2754,0
2755,9
2756,9
2757,15
2758,10
2759,45
2760,0
2761,48
2762,9
2763,72
2764,13
2765,0
2766,24
2767,0
2768,15
2769,0
2770,9
2771,0
2772,0
2773,35
2774,11
2775,0
2776,9
2777,8
2778,0
2779,4
2780,0
2781,0
2782,0
2783,0
2784,6
2785,9
2786,6
2787,0
2788,24
2789,8
2790,27
2791,0
2792,6
2793,0
2794,9
2795,10
2796,81
2797,0
2798,6
2799,16
2800,0
2801,10
2802,0
2803,0
2804,16
2805,14
2806,4
2807,11
2808,20
2809,12
2810,12
2811,0
2812,10
2813,18
2814,5
2815,4
2816,42
2817,9
2818,7
2819,6
2820,3
2821,12
2822,24
2823,9
2824,0
2825,12
2826,8
2827,0
2828,6
2829,8
2830,8
2831,0
2832,11
2833,8
2834,11
2835,10
2836,16
2837,7
2838,10
2839,7
2840,10
2841,1
2842,0
2843,8
2844,13
2845,8
2846,0
2847,27
2848,12
2849,12
2850,7
2851,13
2852,7
2853,16
2854,64
2855,16
2856,7
2857,9
2858,35
2859,0
2860,12
2861,0
2862,18
2863,5
2864,0
2865,56
2866,12
2867,0
2868,12
2869,3
2870,16
2871,10
2872,7
2873,0
2874,3
2875,3
2876,9
2877,7
2878,4
2879,12
2880,12
2881,15
2882,9
2883,81
2884,12
2885,4
2886,2
2887,6
2888,15
2889,7
2890,12
2891,0
2892,16
2893,36
2894,7
2895,12
2896,8
2897,8
2898,0
2899,9
2900,0
2901,6
2902,17
2903,9
2904,24
2905,10
2906,0
2907,4
2908,16
2909,63
2910,0
2911,8
2912,9
2913,10
2914,63
2915,6
2916,36
2917,27
2918,11
2919,0
2920,6
2921,15
2922,18
2923,2
2924,4
2925,0
2926,8
2927,3
2928,9
2929,36
2930,11
2931,2
2932,9
2933,7
2934,24
2935,16
2936,10
2937,0
2938,32
2939,24
2940,30
2941,13
2942,16
2943,0
2944,0
2945,0
2946,0
2947,3
2948,6
2949,0
2950,18
2951,12
2952,12
2953,0
2954,0
2955,7
2956,8
2957,0
2958,25
2959,1
2960,9
2961,3
2962,0
2963,6
2964,9
2965,54
2966,6
2967,0
2968,11
2969,8
2970,10
2971,8
2972,8
2973,3
2974,10
2975,0
2976,13
2977,6
2978,16
2979,0
2980,5
2981,0
2982,0
2983,6
2984,10
2985,16
2986,4
2987,11
2988,0
2989,42
2990,0
2991,11
2992,9
2993,0
2994,0
2995,3
2996,56
2997,13
2998,5
2999,9
3000,24
3001,0
3002,10
3003,6
3004,5
3005,9
3006,18
3007,36
3008,0
3009,6
3010,2
3011,5
3012,3
3013,0
3014,5
3015,10
3016,8
3017,3
3018,0
3019,56
3020,4
3021,12
3022,0
3023,0
3024,8
3025,0
3026,8
3027,0
3028,3
3029,0
3030,12
3031,12
3032,5
3033,72
3034,16
3035,0
3036,9
3037,5
3038,0
3039,63
3040,0
3041,7
3042,49
3043,0
3044,18
3045,11
3046,6
3047,0
3048,25
3049,0
3050,12
3051,35
3052,7
3053,7
3054,7
3055,8
3056,8
3057,11
3058,16
3059,63
3060,0
3061,20
3062,0
3063,14
3064,0
3065,12
3066,0
3067,6
3068,6
3069,16
3070,8
3071,6
3072,4
3073,14
3074,1
3075,8
3076,15
3077,9
3078,14
3079,0
3080,6
3081,2
3082,0
3083,8
3084,0
3085,9
3086,0
3087,48
3088,81
3089,7
3090,0
3091,28
3092,0
3093,28
3094,6
3095,8
3096,10
3097,20
3098,4
3099,2
3100,24
3101,0
3102,11
3103,9
3104,5
3105,35
3106,36
3107,8
3108,48
3109,4
3110,11
3111,0
3112,8
3113,49
3114,0
3115,8
3116,72
3117,11
3118,18
3119,12
3120,9
3121,0
3122,15
3123,63
3124,24
3125,0
3126,11
3127,15
3128,15
3129,10
3130,7
3131,12
3132,9
3133,6
3134,45
3135,0
3136,10
3137,0
3138,40
3139,0
3140,8
3141,7
3142,6
3143,20
3144,42
3145,14
3146,0
3147,5
3148,0
3149,11
3150,0
3151,0
3152,5
3153,4
3154,0
3155,7
3156,4
3157,15
3158,54
3159,7
3160,10
3161,12
3162,2
3163,7
3164,8
3165,11
3166,12
3167,10
3168,15
3169,7
3170,15
3171,15
3172,11
3173,0
3174,3
3175,9
3176,24
3177,0
3178,13
3179,9
3180,16
3181,3
3182,8
3183,6
3184,6
3185,6
3186,0
3187,0
3188,9
3189,16
3190,11
3191,0
3192,0
3193,9
3194,8
3195,9
3196,8
3197,48
3198,49
3199,0
3200,0
3201,36
3202,0
3203,12
3204,27
3205,0
3206,0
3207,16
3208,0
3209,0
3210,5
3211,0
3212,12
3213,0
3214,8
3215,11
3216,4
3217,0
3218,0
3219,12
3220,6
3221,7
3222,3
3223,2
3224,14
3225,5
3226,54
3227,8
3228,40
3229,48
3230,9
3231,0
3232,9
3233,5
3234,0
3235,20
3236,16
3237,12
3238,9
3239,49
3240,8
3241,3
3242,36
3243,12
3244,5
3245,0
3246,4
3247,9
3248,13
3249,5
3250,11
3251,0
3252,0
3253,15
3254,10
3255,9
3256,10
3257,5
3258,5
3259,12
3260,12
3261,15
3262,7
3263,8
3264,9
3265,7
3266,0
3267,13
3268,12
3269,0
3270,0
3271,0
3272,8
3273,20
3274,0
3275,16
3276,10
3277,0
3278,14
3279,0
3280,0
3281,56
3282,6
3283,2
3284,0
3285,4
3286,0
3287,3
3288,5
3289,16
3290,10
3291,72
3292,49
3293,0
3294,12
3295,13
3296,12
3297,9
3298,0
3299,6
3300,48
3301,0
3302,0
3303,12
3304,63
3305,12
3306,8
3307,8
3308,7
3309,16
3310,7
3311,9
3312,10
3313,5
3314,10
3315,0
3316,3
3317,45
3318,3
3319,10
3320,6
3321,54
3322,8
3323,16
3324,1
3325,8
3326,27
3327,0
3328,5
3329,0
3330,56
3331,56
3332,9
3333,0
3334,28
3335,21
3336,16
3337,9
3338,48
3339,0
3340,3
3341,21
3342,13
3343,4
3344,2
3345,8
3346,18
3347,4
3348,6
3349,12
3350,24
3351,6
3352,2
3353,10
3354,12
3355,6
3356,9
3357,5
3358,12
3359,0
3360,15
3361,21
3362,7
3363,1
3364,0
3365,63
3366,28
3367,72
3368,56
3369,3
3370,6
3371,14
3372,14
3373,28
3374,8
3375,12
3376,9
3377,24
3378,12
3379,1
3380,27
3381,7
3382,2
3383,24
3384,8
3385,0
3386,0
3387,0
3388,10
3389,7
3390,9
3391,16
3392,18
3393,4
3394,14
3395,0
3396,12
3397,0
3398,11
3399,27
3400,10
3401,5
3402,16
3403,17
3404,56
3405,8
3406,13
3407,28
3408,10
3409,0
3410,10
3411,0
3412,0
3413,7
3414,0
3415,5
3416,10
3417,7
3418,35
3419,2
3420,10
3421,42
3422,3
3423,32
3424,0
3425,0
3426,6
3427,0
3428,45
3429,6
3430,56
3431,10
3432,7
3433,5
3434,6
3435,8
3436,0
3437,9
3438,5
3439,9
3440,10
3441,3
3442,5
3443,0
3444,45
3445,0
3446,32
3447,7
3448,45
3449,35
3450,7
3451,12
3452,12
3453,63
3454,8
3455,8
3456,8
3457,6
3458,12
3459,0
3460,0
3461,8
3462,25
3463,0
3464,8
3465,10
3466,0
3467,6
3468,9
3469,32
3470,6
3471,0
3472,11
3473,13
3474,3
3475,0
3476,36
3477,9
3478,4
3479,0
3480,0
3481,32
3482,0
3483,18
3484,21
3485,6
3486,6
3487,18
3488,9
3489,9
3490,9
3491,6
3492,12
3493,4
3494,12
3495,9
3496,10
3497,7
3498,28
3499,0
3500,15
3501,20
3502,12
3503,45
3504,16
3505,15
3506,16
3507,5
3508,0
3509,11
3510,9
3511,0
3512,6
3513,0
3514,5
3515,5
3516,0
3517,10
3518,9
3519,12
3520,9
3521,6
3522,15
3523,10
3524,13
3525,6
3526,9
3527,7
3528,7
3529,2
3530,10
3531,45
3532,8
3533,7
3534,0
3535,0
3536,2
3537,6
3538,14
3539,0
3540,8
3541,6
3542,42
3543,7
3544,13
3545,0
3546,18
3547,48
3548,8
3549,13
3550,0
3551,16
3552,5
3553,1
3554,12
3555,0
3556,8
3557,6
3558,0
3559,14
3560,0
3561,5
3562,24
3563,9
3564,27
3565,0
3566,40
3567,5
3568,9
3569,7
3570,16
3571,10
3572,12
3573,4
3574,0
3575,0
3576,5
3577,8
3578,0
3579,28
3580,7
3581,72
3582,36
3583,0
3584,0
3585,0
3586,7
3587,9
3588,10
3589,0
3590,6
3591,0
3592,8
3593,0
3594,5
3595,42
3596,11
3597,6
3598,7
3599,9
3600,12
3601,11
3602,0
3603,14
3604,0
3605,0
3606,0
3607,11
3608,13
3609,0
3610,10
3611,3
3612,14
3613,12
3614,5
3615,3
3616,56
3617,5
3618,10
3619,10
3620,10
3621,15
3622,2
3623,6
3624,0
3625,0
3626,2
3627,12
3628,5
3629,6
3630,4
3631,24
3632,10
3633,0
3634,2
3635,42
3636,12
3637,7
3638,14
3639,0
3640,14
3641,0
3642,0
3643,0
3644,5
3645,11
3646,10
3647,32
3648,15
3649,16
3650,0
3651,15
3652,0
3653,20
3654,12
3655,1
3656,6
3657,0
3658,0
3659,13
3660,56
3661,0
3662,0
3663,49
3664,6
3665,8
3666,20
3667,12
3668,16
3669,10
3670,5
3671,6
3672,18
3673,48
3674,7
3675,0
3676,7
3677,0
3678,6
3679,0
3680,14
3681,6
3682,7
3683,16
3684,0
3685,28
3686,5
3687,7
3688,11
3689,0
3690,0
3691,14
3692,0
3693,30
3694,0
3695,21
3696,6
3697,4
3698,4
3699,0
3700,13
3701,0
3702,0
3703,0
3704,0
3705,72
3706,30
3707,5
3708,13
3709,0
3710,7
3711,3
3712,21
3713,10
3714,10
3715,4
3716,8
3717,8
3718,7
3719,15
3720,15
3721,10
3722,9
3723,5
3724,18
3725,21
3726,7
3727,40
3728,0
3729,0
3730,42
3731,6
3732,9
3733,5
3734,3
3735,28
3736,28
3737,0
3738,4
3739,11
3740,4
3741,10
3742,7
3743,9
3744,12
3745,6
3746,7
3747,45
3748,0
3749,8
3750,24
3751,3
3752,7
3753,7
3754,8
3755,17
3756,3
3757,0
3758,4
3759,12
3760,14
3761,81
3762,12
3763,6
3764,0
3765,0
3766,9
3767,0
3768,16
3769,0
3770,56
3771,12
3772,0
3773,12
3774,17
3775,0
3776,10
3777,12
3778,10
3779,36
3780,17
3781,25
3782,0
3783,0
3784,30
3785,0
3786,0
3787,0
3788,0
3789,27
3790,9
3791,0
3792,15
3793,1
3794,8
3795,8
3796,7
3797,2
3798,0
3799,35
3800,7
3801,9
3802,12
3803,7
3804,45
3805,9
3806,14
3807,1
3808,16
3809,6
3810,0
3811,17
3812,9
3813,9
3814,0
3815,21
3816,4
3817,0
3818,13
3819,0
3820,0
3821,0
3822,0
3823,2
3824,0
3825,6
3826,3
3827,10
3828,2
3829,0
3830,3
3831,4
3832,0
3833,0
3834,14
3835,21
3836,32
3837,0
3838,16
3839,27
3840,27
3841,14
3842,14
3843,40
3844,32
3845,12
3846,2
3847,48
3848,30
3849,0
3850,13
3851,0
3852,8
3853,8
3854,72
3855,9
3856,0
3857,30
3858,9
3859,63
3860,72
3861,0
3862,15
3863,0
3864,0
3865,7
3866,0
3867,7
3868,40
3869,21
3870,12
3871,8
3872,8
3873,6
3874,13
3875,14
3876,28
3877,4
3878,5
3879,10
3880,5
3881,0
3882,9
3883,0
3884,8
3885,0
3886,9
3887,6
3888,1
3889,9
3890,5
3891,14
3892,6
3893,8
3894,9
3895,0
3896,8
3897,16
3898,40
3899,63
3900,11
3901,0
3902,12
3903,9
3904,0
3905,72
3906,3
3907,56
3908,0
3909,10
3910,0
3911,9
3912,9
3913,1
3914,6
3915,35
3916,40
3917,16
3918,10
3919,12
3920,45
3921,11
3922,8
3923,12
3924,16
3925,10
3926,6
3927,8
3928,1
3929,0
3930,7
3931,7
3932,56
3933,11
3934,0
3935,8
3936,12
3937,8
3938,7
3939,12
3940,12
3941,2
3942,0
3943,8
3944,3
3945,2
3946,0
3947,0
3948,12
3949,0
3950,2
3951,2
3952,12
3953,0
3954,6
3955,8
3956,8
3957,3
3958,64
3959,3
3960,0
3961,16
3962,12
3963,4
3964,21
3965,8
3966,9
3967,5
3968,6
3969,0
3970,0
3971,45
3972,3
3973,7
3974,7
3975,5
3976,9
3977,10
3978,6
3979,9
3980,0
3981,0
3982,0
3983,28
3984,13
3985,24
3986,12
3987,12
3988,0
3989,16
3990,0
3991,36
3992,6
3993,6
3994,13
3995,11
3996,2
3997,2
3998,10
3999,0
4000,10
4001,15
4002,56
4003,7
4004,18
4005,14
4006,0
4007,6
4008,9
4009,5
4010,4
4011,13
4012,0
4013,9
4014,0
4015,12
4016,0
4017,10
4018,49
4019,54
4020,0
4021,6
4022,30
4023,14
4024,0
4025,0
4026,0
4027,12
4028,0
4029,0
4030,8
4031,6
4032,4
4033,3
4034,3
4035,10
4036,7
4037,9
4038,0
4039,10
4040,64
4041,8
4042,24
4043,10
4044,2
4045,6
4046,14
4047,18
4048,4
4049,12
4050,0
4051,36
4052,12
4053,0
4054,56
4055,11
4056,0
4057,81
4058,0
4059,0
4060,9
4061,0
4062,1
4063,48
4064,16
4065,0
4066,7
4067,6
4068,0
4069,0
4070,10
4071,15
4072,9
4073,11
4074,11
4075,5
4076,8
4077,0
4078,0
4079,10
4080,0
4081,8
4082,8
4083,54
4084,16
4085,45
4086,9
4087,0
4088,9
4089,18
4090,10
4091,8
4092,3
4093,8
4094,24
4095,12
4096,16
4097,7
4098,9
4099,14
4100,56
4101,9
4102,0
4103,0
4104,36
4105,9
4106,3
4107,9
4108,16
4109,8
4110,10
4111,7
4112,0
4113,9
4114,18
4115,0
4116,12
4117,56
4118,0
4119,72
4120,18
4121,6
4122,32
4123,0
4124,0
4125,0
4126,1
4127,14
4128,64
4129,0
4130,16
4131,10
4132,56
4133,6
4134,8
4135,0
4136,0
4137,28
4138,16
4139,48
4140,13
4141,9
4142,0
4143,10
4144,6
4145,0
4146,0
4147,42
4148,2
4149,0
4150,18
4151,0
4152,0
4153,27
4154,6
4155,8
4156,8
4157,0
4158,11
4159,42
4160,0
4161,9
4162,9
4163,9
4164,12
4165,9
4166,21
4167,0
4168,9
4169,9
4170,4
4171,8
4172,0
4173,24
4174,12
4175,18
4176,7
4177,13
4178,24
4179,4
4180,0
4181,8
4182,8
4183,6
4184,4
4185,3
4186,8
4187,12
4188,10
4189,10
4190,0
4191,0
4192,7
4193,3
4194,5
4195,0
4196,0
4197,2
4198,12
4199,0
4200,1
4201,7
4202,0
4203,11
4204,18
4205,8
4206,13
4207,9
4208,17
4209,0
4210,12
4211,15
4212,14
4213,49
4214,14
4215,11
4216,2
4217,28
4218,6
4219,12
4220,0
4221,0
4222,8
4223,9
4224,6
4225,28
4226,63
4227,72
4228,0
4229,8
4230,0
4231,32
4232,5
4233,0
4234,0
4235,0
4236,8
4237,14
4238,16
4239,15
4240,18
4241,0
4242,12
4243,0
4244,8
4245,0
4246,14
4247,16
4248,32
4249,0
4250,36
4251,0
4252,49
4253,35
4254,7
4255,6
4256,6
4257,8
4258,6
4259,2
4260,0
4261,72
4262,7
4263,4
4264,14
4265,56
4266,15
4267,9
4268,0
4269,3
4270,5
4271,3
4272,9
4273,2
4274,56
4275,11
4276,0
4277,0
4278,12
4279,5
4280,18
4281,0
4282,9
4283,0
4284,5
4285,0
4286,11
4287,0
4288,9
4289,6
4290,0
4291,4
4292,7
4293,4
4294,49
4295,9
4296,12
4297,0
4298,4
4299,10
4300,0
4301,9
4302,5
4303,54
4304,25
4305,30
4306,7
4307,9
4308,7
4309,15
4310,4
4311,56
4312,10
4313,0
4314,9
4315,6
4316,0
4317,0
4318,63
4319,28
4320,12
4321,8
4322,0
4323,3
4324,6
4325,2
4326,6
4327,56
4328,63
4329,0
4330,0
4331,48
4332,3
4333,9
4334,9
4335,3
4336,0
4337,4
4338,21
4339,4
4340,5
4341,9
4342,11
4343,21
4344,24
4345,64
4346,0
4347,0
4348,9
4349,16
4350,0
4351,0
4352,20
4353,3
4354,4
4355,7
4356,0
4357,9
4358,0
4359,12
4360,18
4361,11
4362,0
4363,8
4364,10
4365,1
4366,9
4367,42
4368,16
4369,63
4370,0
4371,8
4372,72
4373,32
4374,11
4375,10
4376,18
4377,0
4378,0
4379,0
4380,14
4381,49
4382,13
4383,8
4384,15
4385,17
4386,13
4387,0
4388,12
4389,12
4390,10
4391,0
4392,21
4393,2
4394,0
4395,0
4396,8
4397,8
4398,9
4399,30
4400,7
4401,12
4402,4
4403,54
4404,30
4405,3
4406,10
4407,0
4408,5
4409,81
4410,7
4411,4
4412,45
4413,12
4414,7
4415,28
4416,12
4417,12
4418,5
4419,72
4420,3
4421,0
4422,14
4423,7
4424,0
4425,21
4426,8
4427,28
4428,15
4429,8
4430,9
4431,0
4432,7
4433,6
4434,0
4435,4
4436,14
4437,6
4438,11
4439,48
4440,17
4441,3
4442,11
4443,7
4444,9
4445,0
4446,18
4447,24
4448,18
4449,54
4450,20
4451,24
4452,0
4453,0
4454,0
4455,14
4456,24
4457,8
4458,5
4459,9
4460,0
4461,42
4462,0
4463,10
4464,9
4465,27
4466,35
4467,48
4468,4
4469,0
4470,3
4471,21
4472,7
4473,3
4474,12
4475,15
4476,30
4477,12
4478,0
4479,4
4480,0
4481,8
4482,12
4483,56
4484,7
4485,13
4486,18
4487,14
4488,4
4489,15
4490,9
4491,10
4492,13
4493,14
4494,0
4495,4
4496,36
4497,0
4498,10
4499,0
4500,6
4501,1
4502,0
4503,0
4504,10
4505,15
4506,15
4507,45
4508,10
4509,8
4510,0
4511,13
4512,0
4513,6
4514,6
4515,10
4516,0
4517,36
4518,6
4519,8
4520,6
4521,72
4522,0
4523,5
4524,6
4525,7
4526,20
4527,18
4528,7
4529,0
4530,0
4531,12
4532,0
4533,0
4534,7
4535,0
4536,9
4537,0
4538,16
4539,15
4540,4
4541,7
4542,0
4543,0
4544,0
4545,42
4546,4
4547,5
4548,40
4549,16
4550,7
4551,6
4552,0
4553,24
4554,10
4555,48
4556,12
4557,10
4558,0
4559,10
4560,13
4561,5
4562,12
4563,10
4564,7
4565,0
4566,0
4567,5
4568,7
4569,12
4570,0
4571,8
4572,9
4573,12
4574,8
4575,7
4576,10
4577,8
4578,36
4579,9
4580,2
4581,1
4582,6
4583,18
4584,0
4585,0
4586,8
4587,2
4588,0
4589,1
4590,9
4591,1
4592,5
4593,11
4594,0
4595,4
4596,16
4597,5
4598,35
4599,8
4600,0
4601,2
4602,9
4603,6
4604,36
4605,0
4606,12
4607,6
4608,12
4609,0
4610,36
4611,0
4612,9
4613,9
4614,0
4615,0
4616,35
4617,0
4618,0
4619,15
4620,2
4621,4
4622,14
4623,4
4624,2
4625,8
4626,0
4627,0
4628,9
4629,35
4630,6
4631,0
4632,5
4633,2
4634,0
4635,0
4636,0
4637,0
4638,7
4639,24
4640,16
4641,15
4642,6
4643,0
4644,9
4645,7
4646,0
4647,8
4648,10
4649,48
4650,5
4651,3
4652,9
4653,0
4654,6
4655,7
4656,0
4657,5
4658,0
4659,10
4660,9
4661,9
4662,12
4663,0
4664,5
4665,1
4666,24
4667,14
4668,0
4669,27
4670,9
4671,2
4672,1
4673,5
4674,4
4675,0
4676,0
4677,3
4678,21
4679,1
4680,0
4681,0
4682,0
4683,18
4684,0
4685,1
4686,0
4687,2
4688,9
4689,9
4690,8
4691,5
4692,0
4693,0
4694,6
4695,9
4696,15
4697,10
4698,5
4699,0
4700,0
4701,11
4702,2
4703,0
4704,10
4705,1
4706,9
4707,35
4708,12
4709,0
4710,15
4711,12
4712,7
4713,7
4714,9
4715,17
4716,10
4717,35
4718,0
4719,0
4720,0
4721,0
4722,6
4723,1
4724,16
4725,10
4726,10
4727,49
4728,42
4729,0
4730,12
4731,15
4732,7
4733,9
4734,11
4735,8
4736,13
4737,7
4738,9
4739,6
4740,11
4741,48
4742,54
4743,4
4744,63
4745,0
4746,8
4747,8
4748,9
4749,0
4750,7
4751,17
4752,8
4753,0
4754,7
4755,14
4756,0
4757,13
4758,8
4759,10
4760,9
4761,0
4762,10
4763,0
4764,5
4765,18
4766,16
4767,7
4768,9
4769,12
4770,11
4771,4
4772,3
4773,12
4774,6
4775,18
4776,9
4777,0
4778,8
4779,12
4780,0
4781,4
4782,1
4783,0
4784,5
4785,6
4786,14
4787,0
4788,6
4789,0
4790,0
4791,9
4792,9
4793,8
4794,0
4795,3
4796,15
4797,0
4798,0
4799,12
4800,12
4801,2
4802,4
4803,16
4804,48
4805,12
4806,9
4807,8
4808,0
4809,5
4810,9
4811,4
4812,12
4813,8
4814,0
4815,8
4816,15
4817,0
4818,12
4819,11
4820,12
4821,0
4822,7
4823,11
4824,45
4825,0
4826,10
4827,4
4828,7
4829,16
4830,0
4831,12
4832,9
4833,5
4834,0
4835,0
4836,10
4837,14
4838,4
4839,3
4840,5
4841,0
4842,13
4843,12
4844,2
4845,8
4846,7
4847,12
4848,11
4849,10
4850,16
4851,0
4852,0
4853,11
4854,7
4855,6
4856,10
4857,14
4858,3
4859,8
4860,4
4861,11
4862,24
4863,9
4864,8
4865,7
4866,13
4867,0
4868,36
4869,42
4870,0
4871,6
4872,9
4873,0
4874,48
4875,9
4876,72
4877,0
4878,7
4879,6
4880,11
4881,0
4882,0
4883,9
4884,0
4885,36
4886,0
4887,5
4888,12
4889,45
4890,12
4891,0
4892,11
4893,0
4894,0
4895,10
4896,9
4897,0
4898,7
4899,0
4900,12
4901,42
4902,0
4903,0
4904,0
4905,63
4906,8
4907,12
4908,32
4909,14
4910,0
4911,0
4912,10
4913,8
4914,8
4915,9
4916,45
4917,8
4918,8
4919,3
4920,3
4921,18
4922,0
4923,10
4924,12
4925,4
4926,14
4927,40
4928,32
4929,9
4930,15
4931,0
4932,11
4933,6
4934,42
4935,32
4936,30
4937,10
4938,0
4939,0
4940,12
4941,4
4942,12
4943,0
4944,10
4945,7
4946,11
4947,48
4948,15
4949,15
4950,28
4951,6
4952,8
4953,6
4954,0
4955,32
4956,7
4957,9
4958,9
4959,5
4960,0
4961,20
4962,13
4963,12
4964,0
4965,0
4966,6
4967,8
4968,7
4969,15
4970,0
4971,10
4972,7
4973,11
4974,0
4975,12
4976,15
4977,5
4978,7
4979,8
4980,16
4981,7
4982,0
4983,12
4984,3
4985,16
4986,0
4987,9
4988,12
4989,49
4990,18
4991,12
4992,4
4993,14
4994,10
4995,20
4996,6
4997,0
4998,48
4999,0
5000,7
5001,15
5002,3
5003,0
5004,72
5005,8
5006,8
5007,56
5008,3
5009,0
5010,10
5011,2
5012,6
5013,5
5014,63
5015,12
5016,7
5017,0
5018,6
5019,0
5020,4
5021,12
5022,21
5023,10
5024,20
5025,12
5026,12
5027,2
5028,35
5029,0
5030,7
5031,3
5032,0
5033,7
5034,12
5035,0
5036,4
5037,10
5038,7
5039,7
5040,15
5041,12
5042,4
5043,15
5044,13
5045,11
5046,49
5047,12
5048,14
5049,5
5050,0
5051,6
5052,8
5053,2
5054,24
5055,9
5056,8
5057,13
5058,0
5059,8
5060,8
5061,13
5062,15
5063,35
5064,2
5065,6
5066,0
5067,0
5068,16
5069,6
5070,4
5071,8
5072,18
5073,9
5074,18
5075,12
5076,11
5077,1
5078,18
5079,8
5080,11
5081,0
5082,0
5083,54
5084,8
5085,20
5086,11
5087,40
5088,6
5089,2
5090,6
5091,2
5092,12
5093,9
5094,6
5095,0
5096,0
5097,9
5098,0
5099,8
5100,15
5101,28
5102,2
5103,10
5104,0
5105,0
5106,7
5107,7
5108,4
5109,13
5110,14
5111,0
5112,8
5113,0
5114,28
5115,14
5116,0
5117,6
5118,9
5119,15
5120,0
5121,0
5122,15
5123,9
5124,0
5125,9
5126,6
5127,8
5128,15
5129,15
5130,9
5131,9
5132,15
5133,12
5134,0
5135,0
5136,12
5137,12
5138,0
5139,35
5140,0
5141,2
5142,8
5143,8
5144,81
5145,9
5146,0
5147,0
5148,14
5149,8
5150,11
5151,8
5152,0
5153,11
5154,63
5155,4
5156,0
5157,6
5158,0
5159,10
5160,14
5161,6
5162,0
5163,24
5164,13
5165,9
5166,6
5167,16
5168,0
5169,8
5170,28
5171,5
5172,10
5173,13
5174,0
5175,4
5176,7
5177,5
5178,8
5179,0
5180,32
5181,18
5182,14
5183,11
5184,24
5185,20
5186,7
5187,12
5188,14
5189,54
5190,0
5191,16
5192,45
5193,0
5194,3
5195,8
5196,18
5197,30
5198,0
5199,5
5200,7
5201,0
5202,8
5203,10
5204,27
5205,14
5206,63
5207,0
5208,21
5209,9
5210,2
5211,27
5212,48
5213,2
5214,9
5215,9
5216,0
5217,17
5218,5
5219,4
5220,0
5221,21
5222,0
5223,0
5224,0
5225,6
5226,6
5227,16
5228,13
5229,36
5230,12
5231,0
5232,11
5233,45
5234,0
5235,6
5236,8
5237,6
5238,3
5239,12
5240,3
5241,36
5242,0
5243,0
5244,36
5245,8
5246,14
5247,3
5248,0
5249,9
5250,12
5251,48
5252,4
5253,0
5254,7
5255,8
5256,54
5257,8
5258,0
5259,5
5260,12
5261,36
5262,64
5263,54
5264,0
5265,28
5266,9
5267,4
5268,4
5269,12
5270,3
5271,63
5272,9
5273,1
5274,9
5275,8
5276,35
5277,15
5278,48
5279,0
5280,49
5281,1
5282,0
5283,12
5284,8
5285,8
5286,32
5287,0
5288,6
5289,15
5290,0
5291,8
5292,15
5293,8
5294,0
5295,24
5296,8
5297,12
5298,16
5299,11
5300,49
5301,2
5302,9
5303,0
5304,0
5305,8
5306,0
5307,12
5308,11
5309,2
5310,35
5311,10
5312,8
5313,28
5314,13
5315,9
5316,56
5317,8
5318,0
5319,10
5320,7
5321,3
5322,12
5323,0
5324,8
5325,9
5326,10
5327,0
5328,63
5329,28
5330,12
5331,8
5332,11
5333,24
5334,5
5335,3
5336,10
5337,8
5338,63
5339,0
5340,0
5341,12
5342,3
5343,10
5344,0
5345,0
5346,5
5347,7
5348,0
5349,16
5350,0
5351,63
5352,0
5353,12
5354,12
5355,6
5356,0
5357,2
5358,0
5359,4
5360,6
5361,0
5362,9
5363,9
5364,12
5365,8
5366,24
5367,9
5368,9
5369,7
5370,7
5371,18
5372,49
5373,6
5374,0
5375,7
5376,48
5377,0
5378,24
5379,3
5380,1
5381,0
5382,54
5383,2
5384,11
5385,10
5386,48
5387,35
5388,12
5389,14
5390,8
5391,0
5392,8
5393,8
5394,0
5395,7
5396,10
5397,2
5398,14
5399,4
5400,6
5401,28
5402,0
5403,12
5404,8
5405,0
5406,4
5407,4
5408,6
5409,12
5410,9
5411,13
5412,9
5413,10
5414,10
5415,6
5416,63
5417,0
5418,9
5419,0
5420,0
5421,1
5422,12
5423,8
5424,14
5425,0
5426,2
5427,8
5428,0
5429,15
5430,12
5431,4
5432,4
5433,0
5434,72
5435,64
5436,63
5437,12
5438,6
5439,15
5440,54
5441,6
5442,0
5443,6
5444,4
5445,12
5446,0
5447,7
5448,32
5449,28
5450,0
5451,8
5452,13
5453,11
5454,0
5455,24
5456,4
5457,18
5458,2
5459,0
5460,9
5461,4
5462,14
5463,12
5464,7
5465,6
5466,0
5467,1
5468,0
5469,21
5470,5
5471,6
5472,9
5473,10
5474,36
5475,10
5476,8
5477,0
5478,12
5479,13
5480,6
5481,7
5482,0
5483,16
5484,56
5485,5
5486,7
5487,0
5488,13
5489,8
5490,3
5491,13
5492,40
5493,9
5494,10
5495,11
5496,10
5497,0
5498,16
5499,8
5500,12
5501,72
5502,18
5503,7
5504,8
5505,24
5506,35
5507,0
5508,8
5509,20
5510,5
5511,16
5512,8
5513,63
5514,15
5515,12
5516,10
5517,21
5518,9
5519,12
5520,9
5521,9
5522,6
5523,4
5524,15
5525,10
5526,10
5527,8
5528,18
5529,14
5530,6
5531,0
5532,0
5533,42
5534,28
5535,8
5536,7
5537,0
5538,5
5539,0
5540,13
5541,8
5542,0
5543,9
5544,10
5545,1
5546,12
5547,0
5548,4
5549,5
5550,0
5551,5
5552,4
5553,2
5554,6
5555,11
5556,42
5557,4
5558,4
5559,21
5560,6
5561,5
5562,6
5563,9
5564,0
5565,12
5566,5
5567,0
5568,8
5569,14
5570,0
5571,10
5572,9
5573,12
5574,8
5575,4
5576,8
5577,0
5578,30
5579,5
5580,2
5581,0
5582,9
5583,0
5584,0
5585,10
5586,0
5587,54
5588,6
5589,9
5590,10
5591,4
5592,0
5593,9
5594,72
5595,0
5596,4
5597,54
5598,7
5599,7
5600,0
5601,9
5602,28
5603,0
5604,42
5605,12
5606,11
5607,10
5608,36
5609,14
5610,0
5611,36
5612,9
5613,7
5614,8
5615,0
5616,12
5617,20
5618,5
5619,24
5620,12
5621,0
5622,8
5623,8
5624,14
5625,18
5626,0
5627,0
5628,11
5629,10
5630,0
5631,9
5632,3
5633,7
5634,0
5635,0
5636,21
5637,0
5638,9
5639,48
5640,0
5641,0
5642,3
5643,11
5644,0
5645,0
5646,9
5647,32
5648,8
5649,6
5650,9
5651,0
5652,13
5653,8
5654,11
5655,18
5656,0
5657,1
5658,15
5659,15
5660,10
5661,0
5662,12
5663,0
5664,0
5665,0
5666,9
5667,10
5668,12
5669,12
5670,9
5671,1
5672,0
5673,7
5674,32
5675,1
5676,0
5677,11
5678,16
5679,11
5680,0
5681,8
5682,9
5683,0
5684,13
5685,5
5686,6
5687,0
5688,5
5689,81
5690,11
5691,0
5692,0
5693,13
5694,5
5695,9
5696,32
5697,6
5698,0
5699,0
5700,2
5701,42
5702,3
5703,0
5704,8
5705,0
5706,18
5707,21
5708,14
5709,24
5710,0
5711,9
5712,12
5713,9
5714,10
5715,24
5716,0
5717,15
5718,15
5719,30
5720,0
5721,0
5722,24
5723,0
5724,12
5725,13
5726,0
5727,14
5728,13
5729,4
5730,6
5731,4
5732,32
5733,5
5734,4
5735,9
5736,7
5737,2
5738,8
5739,25
5740,1
5741,14
5742,5
5743,5
5744,12
5745,24
5746,7
5747,16
5748,14
5749,10
5750,5
5751,0
5752,6
5753,10
5754,7
5755,13
5756,5
5757,9
5758,8
5759,17
5760,9
5761,6
5762,40
5763,8
5764,4
5765,8
5766,6
5767,12
5768,0
5769,0
5770,36
5771,9
5772,0
5773,0
5774,15
5775,9
5776,7
5777,3
5778,7
5779,11
5780,0
5781,13
5782,0
5783,3
5784,7
5785,0
5786,30
5787,72
5788,0
5789,27
5790,25
5791,10
5792,11
5793,7
5794,0
5795,0
5796,7
5797,15
5798,6
5799,10
5800,42
5801,10
5802,28
5803,6
5804,9
5805,0
5806,3
5807,13
5808,10
5809,18
5810,12
5811,9
5812,0
5813,5
5814,7
5815,4
5816,2
5817,9
5818,4
5819,25
5820,6
5821,11
5822,8
5823,0
5824,7
5825,5
5826,0
5827,24
5828,5
5829,0
5830,12
5831,16
5832,0
5833,6
5834,56
5835,9
5836,0
5837,0
5838,5
5839,27
5840,0
5841,6
5842,8
5843,0
5844,0
5845,4
5846,21
5847,10
5848,8
5849,24
5850,6
5851,12
5852,8
5853,3
5854,10
5855,0
5856,5
5857,0
5858,6
5859,0
5860,6
5861,6
5862,8
5863,0
5864,5
5865,72
5866,10
5867,63
5868,30
5869,3
5870,0
5871,8
5872,28
5873,7
5874,9
5875,0
5876,0
5877,18
5878,5
5879,9
5880,9
5881,9
5882,24
5883,16
5884,5
5885,5
5886,0
5887,0
5888,0
5889,8
5890,0
5891,5
5892,0
5893,0
5894,4
5895,16
5896,0
5897,4
5898,0
5899,13
5900,12
5901,7
5902,8
5903,9
5904,6
5905,16
5906,10
5907,6
5908,0
5909,5
5910,16
5911,7
5912,18
5913,0
5914,56
5915,6
5916,2
5917,6
5918,7
5919,4
5920,8
5921,10
5922,0
5923,3
5924,9
5925,4
5926,64
5927,3
5928,9
5929,5
5930,3
5931,5
5932,0
5933,16
5934,11
5935,13
5936,9
5937,13
5938,0
5939,4
5940,5
5941,3
5942,0
5943,16
5944,0
5945,0
5946,9
5947,11
5948,5
5949,7
5950,0
5951,9
5952,9
5953,7
5954,12
5955,28
5956,12
5957,0
5958,6
5959,0
5960,8
5961,6
5962,6
5963,7
5964,10
5965,9
5966,9
5967,27
5968,0
5969,0
5970,0
5971,12
5972,0
5973,0
5974,21
5975,0
5976,6
5977,8
5978,10
5979,4
5980,9
5981,16
5982,7
5983,8
5984,6
5985,6
5986,7
5987,4
5988,30
5989,48
5990,6
5991,0
5992,5
5993,11
5994,9
5995,3
5996,4
5997,5
5998,32
5999,0
6000,8
6001,0
6002,8
6003,0
6004,1
6005,6
6006,0
6007,0
6008,13
6009,40
6010,2
6011,0
6012,54
6013,8
6014,2
6015,0
6016,16
6017,4
6018,7
6019,11
6020,8
6021,12
6022,45
6023,0
6024,9
6025,4
6026,11
6027,12
6028,9
6029,35
6030,0
6031,9
6032,7
6033,8
6034,5
6035,12
6036,5
6037,6
6038,9
6039,1
6040,13
6041,11
6042,0
6043,7
6044,3
6045,15
6046,16
6047,8
6048,0
6049,1
6050,0
6051,9
6052,12
6053,36
6054,14
6055,8
6056,13
6057,1
6058,6
6059,5
6060,0
6061,6
6062,0
6063,4
6064,8
6065,6
6066,13
6067,0
6068,3
6069,10
6070,10
6071,9
6072,8
6073,11
6074,9
6075,5
6076,0
6077,8
6078,15
6079,3
6080,0
6081,36
6082,64
6083,0
6084,7
6085,0
6086,0
6087,40
6088,14
6089,10
6090,10
6091,9
6092,9
6093,0
6094,18
6095,0
6096,8
6097,0
6098,0
6099,11
6100,7
6101,12
6102,40
6103,10
6104,8
6105,56
6106,9
6107,12
6108,0
6109,3
6110,7
6111,9
6112,0
6113,6
6114,8
6115,6
6116,1
6117,0
6118,24
6119,21
6120,24
6121,24
6122,6
6123,13
6124,36
6125,11
6126,0
6127,0
6128,9
6129,8
6130,0
6131,8
6132,5
6133,10
6134,64
6135,4
6136,4
6137,0
6138,0
6139,10
6140,2
6141,0
6142,8
6143,6
6144,0
6145,10
6146,15
6147,0
6148,0
6149,0
6150,10
6151,0
6152,0
6153,10
6154,12
6155,14
6156,7
6157,4
6158,32
6159,45
6160,6
6161,0
6162,8
6163,9
6164,0
6165,8
6166,14
6167,12
6168,30
6169,16
6170,14
6171,8
6172,0
6173,0
6174,24
6175,7
6176,8
6177,54
6178,0
6179,6
6180,15
6181,15
6182,16
6183,16
6184,7
6185,54
6186,0
6187,12
6188,9
6189,8
6190,8
6191,0
6192,10
6193,0
6194,0
6195,12
6196,32
6197,0
6198,4
6199,8
6200,35
6201,12
6202,0
6203,6
6204,0
6205,6
6206,12
6207,14
6208,8
6209,1
6210,4
6211,16
6212,8
6213,15
6214,8
6215,0
6216,15
6217,10
6218,10
6219,7
6220,6
6221,0
6222,36
6223,0
6224,0
6225,4
6226,13
6227,12
6228,72
6229,10
6230,0
6231,9
6232,0
6233,6
6234,0
6235,0
6236,0
6237,54
6238,54
6239,24
6240,9
6241,4
6242,0
6243,4
6244,2
6245,0
6246,0
6247,0
6248,6
6249,6
6250,42
6251,12
6252,21
6253,12
6254,5
6255,28
6256,7
6257,49
6258,16
6259,6
6260,12
6261,1
6262,9
6263,11
6264,9
6265,64
6266,0
6267,8
6268,12
6269,10
6270,0
6271,12
6272,0
6273,6
6274,8
6275,0
6276,11
6277,10
6278,0
6279,5
6280,27
6281,0
6282,9
6283,40
6284,0
6285,0
6286,0
6287,0
6288,17
6289,15
6290,11
6291,16
6292,0
6293,18
6294,2
6295,24
6296,20
6297,6
6298,0
6299,4
6300,24
6301,5
6302,0
6303,8
6304,9
6305,5
6306,9
6307,13
6308,10
6309,15
6310,21
6311,6
6312,4
6313,0
6314,11
6315,11
6316,8
6317,0
6318,18
6319,0
6320,4
6321,12
6322,0
6323,11
6324,0
6325,11
6326,0
6327,1
6328,3
6329,16
6330,8
6331,0
6332,4
6333,10
6334,10
6335,42
6336,32
6337,16
6338,7
6339,24
6340,8
6341,6
6342,9
6343,6
6344,35
6345,10
6346,7
6347,0
6348,4
6349,4
6350,21
6351,3
6352,18
6353,7
6354,4
6355,56
6356,40
6357,81
6358,11
6359,10
6360,54
6361,9
6362,15
6363,7
6364,7
6365,0
6366,5
6367,3
6368,18
6369,12
6370,12
6371,9
6372,8
6373,42
6374,0
6375,8
6376,0
6377,2
6378,16
6379,12
6380,18
6381,0
6382,7
6383,10
6384,48
6385,56
6386,54
6387,54
6388,4
6389,54
6390,11
6391,36
6392,12
6393,0
6394,6
6395,0
6396,9
6397,15
6398,0
6399,0
6400,2
6401,0
6402,8
6403,8
6404,8
6405,6
6406,9
6407,18
6408,12
6409,35
6410,5
6411,14
6412,0
6413,30
6414,0
6415,0
6416,11
6417,9
6418,10
6419,5
6420,13
6421,21
6422,12
6423,0
6424,0
6425,0
6426,8
6427,7
6428,10
6429,0
6430,0
6431,7
6432,12
6433,54
6434,0
6435,32
6436,11
6437,12
6438,45
6439,42
6440,12
6441,7
6442,3
6443,0
6444,24
6445,10
6446,10
6447,0
6448,11
6449,0
6450,10
6451,6
6452,0
6453,6
6454,1
6455,5
6456,10
6457,7
6458,14
6459,49
6460,13
6461,7
6462,18
6463,15
6464,0
6465,10
6466,0
6467,6
6468,0
6469,10
6470,0
6471,9
6472,8
6473,2
6474,14
6475,8
6476,12
6477,8
6478,6
6479,0
6480,56
6481,12
6482,0
6483,36
6484,10
6485,11
6486,9
6487,42
6488,20
6489,16
6490,18
6491,0
6492,15
6493,0
6494,10
6495,6
6496,4
6497,10
6498,0
6499,0
6500,5
6501,0
6502,13
6503,15
6504,7
6505,9
6506,3
6507,11
6508,0
6509,0
6510,16
6511,7
6512,5
6513,16
6514,15
6515,14
6516,0
6517,7
6518,3
6519,1
6520,2
6521,8
6522,0
6523,21
6524,4
6525,15
6526,6
6527,14
6528,0
6529,8
6530,0
6531,12
6532,7
6533,0
6534,10
6535,7
6536,20
6537,24
6538,8
6539,4
6540,0
6541,24
6542,16
6543,18
6544,0
6545,0
6546,15
6547,8
6548,0
6549,28
6550,0
6551,24
6552,27
6553,0
6554,54
6555,9
6556,11
6557,0
6558,0
6559,0
6560,27
6561,9
6562,45
6563,28
6564,0
6565,9
6566,0
6567,0
6568,8
6569,21
6570,16
6571,11
6572,0
6573,0
6574,11
6575,10
6576,6
6577,9
6578,13
6579,4
6580,0
6581,6
6582,9
6583,5
6584,24
6585,0
6586,18
6587,3
6588,64
6589,5
6590,4
6591,16
6592,6
6593,8
6594,14
6595,45
6596,7
6597,0
6598,16
6599,0
6600,45
6601,10
6602,0
6603,7
6604,9
6605,6
6606,27
6607,72
6608,7
6609,0
6610,24
6611,7
6612,17
6613,18
6614,15
6615,9
6616,0
6617,7
6618,4
6619,21
6620,3
6621,27
6622,6
6623,0
6624,0
6625,0
6626,4
6627,0
6628,5
6629,0
6630,15
6631,24
6632,8
6633,0
6634,16
6635,10
6636,2
6637,20
6638,6
6639,21
6640,8
6641,10
6642,10
6643,12
6644,4
6645,6
6646,63
6647,64
6648,0
6649,12
6650,36
6651,4
6652,9
6653,4
6654,0
6655,8
6656,6
6657,16
6658,11
6659,8
6660,45
6661,6
6662,0
6663,0
6664,0
6665,0
6666,12
6667,36
6668,14
6669,12
6670,14
6671,13
6672,13
6673,0
6674,10
6675,8
6676,9
6677,12
6678,17
6679,14
6680,8
6681,13
6682,45
6683,0
6684,8
6685,0
6686,8
6687,0
6688,0
6689,0
6690,24
6691,16
6692,6
6693,2
6694,0
6695,0
6696,0
6697,4
6698,6
6699,9
6700,14
6701,3
6702,15
6703,2
6704,7
6705,1
6706,8
6707,15
6708,11
6709,24
6710,0
6711,8
6712,8
6713,40
6714,0
6715,16
6716,10
6717,15
6718,3
6719,0
6720,2
6721,12
6722,42
6723,0
6724,3
6725,4
6726,10
6727,0
6728,8
6729,0
6730,7
6731,45
6732,14
6733,42
6734,0
6735,10
6736,0
6737,6
6738,63
6739,4
6740,12
6741,8
6742,10
6743,6
6744,0
6745,0
6746,32
6747,12
6748,24
6749,12
6750,8
6751,7
6752,0
6753,6
6754,4
6755,8
6756,30
6757,6
6758,7
6759,0
6760,7
6761,48
6762,0
6763,8
6764,0
6765,12
6766,0
6767,11
6768,4
6769,0
6770,0
6771,7
6772,5
6773,10
6774,12
6775,81
6776,6
6777,35
6778,18
6779,6
6780,30
6781,8
6782,56
6783,12
6784,24
6785,16
6786,63
6787,6
6788,0
6789,7
6790,0
6791,36
6792,4
6793,48
6794,54
6795,0
6796,0
6797,10
6798,13
6799,0
6800,6
6801,11
6802,54
6803,0
6804,9
6805,3
6806,45
6807,6
6808,15
6809,24
6810,5
6811,13
6812,9
6813,12
6814,6
6815,7
6816,27
6817,8
6818,8
6819,0
6820,10
6821,14
6822,0
6823,0
6824,0
6825,13
6826,2
6827,9
6828,16
6829,0
6830,12
6831,7
6832,14
6833,6
6834,2
6835,8
6836,6
6837,0
6838,14
6839,42
6840,10
6841,56
6842,10
6843,35
6844,0
6845,0
6846,12
6847,15
6848,17
6849,10
6850,0
6851,32
6852,20
6853,0
6854,0
6855,10
6856,4
6857,5
6858,8
6859,6
6860,8
6861,0
6862,9
6863,0
6864,0
6865,56
6866,3
6867,0
6868,16
6869,24
6870,7
6871,11
6872,4
6873,0
6874,0
6875,7
6876,3
6877,8
6878,16
6879,0
6880,12
6881,0
6882,18
6883,8
6884,0
6885,0
6886,10
6887,10
6888,0
6889,0
6890,13
6891,14
6892,0
6893,0
6894,0
6895,12
6896,20
6897,9
6898,18
6899,21
6900,11
6901,12
6902,8
6903,14
6904,9
6905,0
6906,15
6907,14
6908,56
6909,7
6910,10
6911,63
6912,18
6913,64
6914,0
6915,10
6916,6
6917,8
6918,11
6919,9
6920,0
6921,16
6922,3
6923,4
6924,7
6925,9
6926,7
6927,8
6928,15
6929,8
6930,9
6931,0
6932,12
6933,13
6934,15
6935,14
6936,9
6937,63
6938,12
6939,0
6940,0
6941,12
6942,7
6943,8
6944,6
6945,4
6946,11
6947,11
6948,63
6949,0
6950,10
6951,12
6952,9
6953,0
6954,0
6955,3
6956,6
6957,8
6958,0
6959,0
6960,12
6961,9
6962,0
6963,0
6964,6
6965,14
6966,0
6967,10
6968,16
6969,12
6970,0
6971,2
6972,0
6973,10
6974,0
6975,0
6976,10
6977,0
6978,36
6979,10
6980,8
6981,0
6982,0
6983,8
6984,3
6985,15
6986,0
6987,5
6988,7
6989,1
6990,0
6991,0
6992,0
6993,0
6994,0
6995,0
6996,5
6997,3
6998,16
6999,5
7000,8
7001,5
7002,7
7003,5
7004,3
7005,12
7006,9
7007,12
7008,0
7009,16
7010,42
7011,24
7012,9
7013,3
7014,0
7015,24
7016,35
7017,54
7018,8
7019,12
7020,10
7021,0
7022,10
7023,10
7024,4
7025,8
7026,16
7027,45
7028,0
7029,0
7030,0
7031,14
7032,10
7033,12
7034,6
7035,8
7036,5
7037,28
7038,10
7039,9
7040,9
7041,5
7042,8
7043,8
7044,25
7045,4
7046,16
7047,12
7048,4
7049,8
7050,2
7051,12
7052,0
7053,10
7054,10
7055,10
7056,0
7057,7
7058,6
7059,14
7060,8
7061,0
7062,0
7063,0
7064,2
7065,0
7066,9
7067,4
7068,14
7069,6
7070,12
7071,8
7072,0
7073,3
7074,8
7075,0
7076,7
7077,15
7078,0
7079,28
7080,54
7081,11
7082,7
7083,8
7084,18
7085,0
7086,0
7087,24
7088,10
7089,0
7090,0
7091,0
7092,12
7093,15
7094,32
7095,6
7096,0
7097,16
7098,8
7099,0
7100,25
7101,32
7102,11
7103,14
7104,8
7105,15
7106,11
7107,25
7108,9
7109,0
7110,10
7111,9
7112,3
7113,0
7114,7
7115,8
7116,12
7117,7
7118,10
7119,15
7120,2
7121,0
7122,9
7123,15
7124,0
7125,7
7126,0
7127,10
7128,9
7129,7
7130,0
7131,5
7132,9
7133,0
7134,6
7135,0
7136,2
7137,63
7138,8
7139,42
7140,10
7141,7
7142,54
7143,2
7144,10
7145,35
7146,11
7147,0
7148,9
7149,36
7150,18
7151,56
7152,8
7153,14
7154,21
7155,5
7156,0
7157,3
7158,8
7159,18
7160,24
7161,0
7162,54
7163,10
7164,7
7165,5
7166,8
7167,0
7168,6
7169,0
7170,4
7171,0
7172,6
7173,9
7174,0
7175,6
7176,6
7177,12
7178,6
7179,35
7180,0
7181,15
7182,0
7183,0
7184,48
7185,6
7186,8
7187,0
7188,24
7189,14
7190,7
7191,12
7192,6
7193,10
7194,63
7195,0
7196,0
7197,12
7198,12
7199,7
7200,9
7201,0
7202,14
7203,8
7204,10
7205,9
7206,7
7207,9
7208,24
7209,12
7210,8
7211,9
7212,13
7213,9
7214,8
7215,15
7216,15
7217,15
7218,0
7219,0
7220,3
7221,11
7222,81
7223,9
7224,12
7225,8
7226,18
7227,72
7228,8
7229,18
7230,14
7231,9
7232,8
7233,9
7234,12
7235,15
7236,9
7237,35
7238,12
7239,0
7240,18
7241,0
7242,14
7243,14
7244,7
7245,0
7246,12
7247,54
7248,6
7249,28
7250,6
7251,14
7252,0
7253,1
7254,24
7255,30
7256,0
7257,27
7258,5
7259,5
7260,8
7261,49
7262,6
7263,11
7264,8
7265,14
7266,5
7267,9
7268,8
7269,7
7270,5
7271,11
7272,7
7273,12
7274,0
7275,7
7276,63
7277,4
7278,8
7279,36
7280,0
7281,0
7282,3
7283,2
7284,7
7285,42
7286,36
7287,6
7288,2
7289,9
7290,4
7291,28
7292,5
7293,5
7294,0
7295,12
7296,56
7297,9
7298,6
7299,7
7300,2
7301,0
7302,6
7303,0
7304,9
7305,17
7306,8
7307,36
7308,0
7309,48
7310,35
7311,14
7312,0
7313,15
7314,6
7315,45
7316,14
7317,0
7318,0
7319,0
7320,18
7321,6
7322,0
7323,0
7324,0
7325,63
7326,9
7327,72
7328,2
7329,12
7330,15
7331,0
7332,3
7333,12
7334,5
7335,16
7336,0
7337,30
7338,11
7339,1
7340,45
7341,20
7342,0
7343,0
7344,0
7345,0
7346,6
7347,0
7348,12
7349,7
7350,4
7351,0
7352,6
7353,7
7354,13
7355,0
7356,9
7357,9
7358,0
7359,9
7360,42
7361,8
7362,17
7363,15
7364,14
7365,14
7366,12
7367,28
7368,0
7369,5
7370,1
7371,0
7372,8
7373,0
7374,9
7375,6
7376,6
7377,7
7378,6
7379,8
7380,12
7381,2
7382,5
7383,42
7384,9
7385,6
7386,0
7387,6
7388,0
7389,2
7390,0
7391,42
7392,45
7393,1
7394,14
7395,13
7396,16
7397,14
7398,12
7399,8
7400,0
7401,45
7402,7
7403,0
7404,16
7405,12
7406,0
7407,6
7408,9
7409,2
7410,42
7411,6
7412,0
7413,10
7414,0
7415,7
7416,3
7417,24
7418,0
7419,4
7420,9
7421,0
7422,6
7423,8
7424,9
7425,5
7426,9
7427,45
7428,15
7429,0
7430,9
7431,15
7432,3
7433,0
7434,20
7435,2
7436,6
7437,8
7438,15
7439,3
7440,7
7441,6
7442,9
7443,0
7444,72
7445,0
7446,14
7447,0
7448,8
7449,27
7450,0
7451,0
7452,0
7453,49
7454,56
7455,16
7456,0
7457,6
7458,14
7459,0
7460,14
7461,0
7462,14
7463,9
7464,0
7465,9
7466,7
7467,0
7468,0
7469,54
7470,9
7471,10
7472,4
7473,13
7474,0
7475,5
7476,0
7477,10
7478,0
7479,0
7480,24
7481,14
7482,0
7483,10
7484,4
7485,0
7486,18
7487,24
7488,12
7489,0
7490,8
7491,14
7492,63
7493,1
7494,8
7495,10
7496,0
7497,1
7498,4
7499,7
7500,13
7501,10
7502,3
7503,0
7504,1
7505,0
7506,12
7507,9
7508,0
7509,63
7510,7
7511,13
7512,10
7513,12
7514,12
7515,42
7516,21
7517,5
7518,10
7519,7
7520,14
7521,12
7522,1
7523,10
7524,11
7525,30
7526,2
7527,0
7528,10
7529,6
7530,16
7531,49
7532,18
7533,0
7534,9
7535,9
7536,0
7537,5
7538,3
7539,4
7540,12
7541,2
7542,9
7543,0
7544,8
7545,30
7546,15
7547,10
7548,24
7549,9
7550,0
7551,10
7552,6
7553,24
7554,0
7555,6
7556,12
7557,7
7558,10
7559,9
7560,16
7561,0
7562,0
7563,6
7564,27
7565,4
7566,0
7567,4
7568,14
7569,1
7570,5
7571,0
7572,0
7573,42
7574,7
7575,32
7576,5
7577,12
7578,16
7579,2
7580,3
7581,0
7582,10
7583,0
7584,5
7585,15
7586,0
7587,0
7588,8
7589,3
7590,10
7591,8
7592,0
7593,2
7594,0
7595,2
7596,16
7597,8
7598,27
7599,9
7600,6
7601,49
7602,12
7603,1
7604,0
7605,4
7606,17
7607,15
7608,2
7609,2
7610,8
7611,10
7612,21
7613,10
7614,6
7615,0
7616,63
7617,9
7618,5
7619,4
7620,0
7621,0
7622,0
7623,0
7624,12
7625,10
7626,0
7627,27
7628,10
7629,17
7630,5
7631,14
7632,0
7633,6
7634,0
7635,12
7636,10
7637,4
7638,7
7639,40
7640,21
7641,8
7642,0
7643,7
7644,8
7645,0
7646,6
7647,1
7648,14
7649,0
7650,18
7651,0
7652,36
7653,8
7654,8
7655,8
7656,6
7657,9
7658,5
7659,9
7660,8
7661,0
7662,9
7663,0
7664,8
7665,0
7666,6
7667,45
7668,5
7669,11
7670,0
7671,8
7672,0
7673,4
7674,0
7675,13
7676,0
7677,8
7678,7
7679,0
7680,8
7681,0
7682,18
7683,0
7684,4
7685,9
7686,7
7687,0
7688,9
7689,12
7690,11
7691,3
7692,21
7693,63
7694,0
7695,0
7696,6
7697,0
7698,21
7699,6
7700,7
7701,6
7702,0
7703,0
7704,18
7705,28
7706,0
7707,5
7708,8
7709,7
7710,7
7711,0
7712,0
7713,0
7714,36
7715,6
7716,6
7717,8
7718,0
7719,9
7720,6
7721,0
7722,0
7723,12
7724,0
7725,11
7726,11
7727,8
7728,0
7729,7
7730,8
7731,9
7732,0
7733,3
7734,6
7735,4
7736,8
7737,0
7738,2
7739,6
7740,16
7741,2
7742,49
7743,25
7744,6
7745,18
7746,0
7747,8
7748,14
7749,8
7750,10
7751,7
7752,9
7753,8
7754,0
7755,40
7756,0
7757,3
7758,8
7759,10
7760,3
7761,6
7762,14
7763,14
7764,9
7765,12
7766,18
7767,18
7768,12
7769,54
7770,63
7771,11
7772,7
7773,9
7774,18
7775,0
7776,7
7777,15
7778,42
7779,0
7780,24
7781,7
7782,12
7783,8
7784,3
7785,54
7786,9
7787,40
7788,24
7789,8
7790,1
7791,2
7792,30
7793,7
7794,8
7795,0
7796,0
7797,0
7798,8
7799,9
7800,9
7801,63
7802,11
7803,0
7804,7
7805,0
7806,0
7807,17
7808,6
7809,0
7810,18
7811,0
7812,16
7813,0
7814,7
7815,15
7816,6
7817,15
7818,1
7819,4
7820,35
7821,3
7822,0
7823,0
7824,7
7825,8
7826,9
7827,28
7828,42
7829,6
7830,10
7831,12
7832,0
7833,0
7834,15
7835,24
7836,48
7837,12
7838,21
7839,15
7840,7
7841,24
7842,0
7843,8
7844,12
7845,9
7846,18
7847,12
7848,0
7849,5
7850,3
7851,10
7852,5
7853,7
7854,0
7855,10
7856,8
7857,56
7858,0
7859,11
7860,9
7861,11
7862,9
7863,8
7864,30
7865,4
7866,7
7867,48
7868,8
7869,5
7870,3
7871,9
7872,7
7873,9
7874,8
7875,0
7876,0
7877,63
7878,9
7879,13
7880,3
7881,0
7882,4
7883,36
7884,5
7885,24
7886,0
7887,7
7888,7
7889,0
7890,12
7891,15
7892,0
7893,14
7894,10
7895,0
7896,15
7897,3
7898,0
7899,0
7900,11
7901,0
7902,6
7903,8
7904,7
7905,7
7906,8
7907,0
7908,0
7909,11
7910,0
7911,40
7912,6
7913,14
7914,0
7915,16
7916,4
7917,0
7918,9
7919,54
7920,10
7921,15
7922,7
7923,6
7924,63
7925,12
7926,0
7927,1
7928,6
7929,6
7930,13
7931,0
7932,0
7933,14
7934,6
7935,30
7936,5
7937,15
7938,0
7939,6
7940,0
7941,11
7942,1
7943,9
7944,0
7945,0
7946,18
7947,0
7948,15
7949,48
7950,45
7951,7
7952,0
7953,8
7954,12
7955,0
7956,6
7957,4
7958,9
7959,0
7960,0
7961,2
7962,12
7963,14
7964,3
7965,20
7966,8
7967,7
7968,9
7969,8
7970,6
7971,1
7972,40
7973,40
7974,0
7975,5
7976,5
7977,16
7978,14
7979,15
7980,8
7981,0
7982,35
7983,8
7984,12
7985,0
7986,8
7987,12
7988,0
7989,0
7990,9
7991,4
7992,6
7993,9
7994,10
7995,0
7996,7
7997,2
7998,0
7999,0
8000,4
8001,2
8002,10
8003,6
8004,12
8005,8
8006,15
8007,11
8008,56
8009,0
8010,9
8011,0
8012,2
8013,49
8014,12
8015,14
8016,0
8017,16
8018,9
8019,12
8020,10
8021,0
8022,56
8023,0
8024,0
8025,6
8026,18
8027,12
8028,45
8029,0
8030,18
8031,10
8032,32
8033,0
8034,36
8035,5
8036,10
8037,45
8038,0
8039,0
8040,9
8041,8
8042,4
8043,36
8044,9
8045,6
8046,6
8047,18
8048,10
8049,11
8050,6
8051,0
8052,16
8053,7
8054,10
8055,0
8056,8
8057,9
8058,14
8059,11
8060,10
8061,72
8062,4
8063,8
8064,5
8065,0
8066,4
8067,0
8068,18
8069,10
8070,0
8071,5
8072,4
8073,6
8074,4
8075,0
8076,0
8077,5
8078,10
8079,8
8080,32
8081,6
8082,15
8083,0
8084,9
8085,3
8086,9
8087,0
8088,4
8089,24
8090,11
8091,25
8092,14
8093,10
8094,2
8095,0
8096,12
8097,0
8098,10
8099,12
8100,0
8101,10
8102,1
8103,13
8104,11
8105,0
8106,6
8107,9
8108,6
8109,15
8110,0
8111,45
8112,18
8113,2
8114,0
8115,1
8116,15
8117,9
8118,9
8119,12
8120,0
8121,7
8122,36
8123,27
8124,15
8125,72
8126,18
8127,2
8128,15
8129,0
8130,7
8131,2
8132,6
8133,0
8134,0
8135,10
8136,15
8137,7
8138,15
8139,49
8140,3
8141,0
8142,20
8143,8
8144,12
8145,7
8146,48
8147,4
8148,8
8149,4
8150,4
8151,0
8152,24
8153,0
8154,8
8155,3
8156,0
8157,7
8158,7
8159,63
8160,5
8161,7
8162,9
8163,14
8164,0
8165,0
8166,9
8167,0
8168,8
8169,12
8170,8
8171,4
8172,15
8173,8
8174,17
8175,7
8176,0
8177,9
8178,0
8179,12
8180,3
8181,8
8182,0
8183,9
8184,5
8185,12
8186,1
8187,8
8188,81
8189,0
8190,12
8191,36
8192,4
8193,9
8194,8
8195,15
8196,12
8197,16
8198,0
8199,6
8200,9
8201,16
8202,7
8203,8
8204,54
8205,16
8206,45
8207,0
8208,3
8209,16
8210,8
8211,12
8212,10
8213,0
8214,0
8215,12
8216,0
8217,14
8218,0
8219,8
8220,9
8221,2
8222,8
8223,6
8224,6
8225,3
8226,0
8227,48
8228,0
8229,48
8230,9
8231,15
8232,14
8233,42
8234,0
8235,10
8236,5
8237,54
8238,0
8239,0
8240,1
8241,0
8242,9
8243,12
8244,0
8245,10
8246,10
8247,16
8248,16
8249,32
8250,8
8251,7
8252,9
8253,6
8254,18
8255,56
8256,13
8257,18
8258,63
8259,14
8260,0
8261,0
8262,0
8263,14
8264,0
8265,14
8266,0
8267,6
8268,14
8269,20
8270,12
8271,7
8272,9
8273,13
8274,11
8275,6
8276,0
8277,9
8278,8
8279,54
8280,0
8281,2
8282,0
8283,8
8284,36
8285,10
8286,4
8287,8
8288,0
8289,0
8290,8
8291,9
8292,8
8293,4
8294,21
8295,3
8296,0
8297,15
8298,3
8299,12
8300,9
8301,1
8302,28
8303,8
8304,8
8305,40
8306,8
8307,12
8308,7
8309,9
8310,2
8311,10
8312,6
8313,0
8314,6
8315,9
8316,12
8317,14
8318,0
8319,0
8320,14
8321,21
8322,15
8323,0
8324,5
8325,4
8326,8
8327,15
8328,24
8329,30
8330,0
8331,3
8332,0
8333,0
8334,0
8335,4
8336,8
8337,9
8338,6
8339,2
8340,12
8341,72
8342,32
8343,24
8344,4
8345,0
8346,0
8347,4
8348,6
8349,0
8350,0
8351,0
8352,11
8353,10
8354,8
8355,0
8356,81
8357,8
8358,6
8359,64
8360,8
8361,0
8362,6
8363,8
8364,40
8365,12
8366,10
8367,8
8368,8
8369,12
8370,0
8371,0
8372,11
8373,2
8374,13
8375,8
8376,64
8377,12
8378,0
8379,0
8380,4
8381,6
8382,8
8383,7
8384,1
8385,0
8386,8
8387,42
8388,0
8389,9
8390,13
8391,0
8392,8
8393,12
8394,13
8395,10
8396,45
8397,4
8398,21
8399,0
8400,4
8401,0
8402,1
8403,24
8404,0
8405,2
8406,4
8407,11
8408,7
8409,8
8410,9
8411,0
8412,27
8413,9
8414,12
8415,0
8416,0
8417,8
8418,0
8419,16
8420,12
8421,12
8422,7
8423,18
8424,0
8425,2
8426,45
8427,13
8428,8
8429,14
8430,0
8431,6
8432,12
8433,7
8434,8
8435,9
8436,9
8437,0
8438,0
8439,7
8440,49
8441,0
8442,10
8443,7
8444,9
8445,3
8446,8
8447,0
8448,15
8449,7
8450,10
8451,0
8452,24
8453,11
8454,0
8455,7
8456,15
8457,10
8458,7
8459,0
8460,24
8461,15
8462,10
8463,3
8464,0
8465,0
8466,12
8467,12
8468,20
8469,8
8470,45
8471,7
8472,0
8473,72
8474,9
8475,3
8476,6
8477,0
8478,7
8479,4
8480,4
8481,4
8482,8
8483,4
8484,7
8485,5
8486,8
8487,0
8488,1
8489,9
8490,6
8491,10
8492,12
8493,24
8494,16
8495,63
8496,12
8497,8
8498,9
8499,56
8500,4
8501,48
8502,8
8503,13
8504,4
8505,7
8506,6
8507,9
8508,0
8509,15
8510,20
8511,8
8512,15
8513,14
8514,11
8515,9
8516,6
8517,10
8518,8
8519,6
8520,18
8521,0
8522,12
8523,0
8524,10
8525,36
8526,14
8527,10
8528,6
8529,9
8530,4
8531,0
8532,5
8533,0
8534,3
8535,8
8536,8
8537,56
8538,14
8539,15
8540,0
8541,8
8542,8
8543,4
8544,12
8545,16
8546,17
8547,0
8548,30
8549,0
8550,49
8551,36
8552,0
8553,1
8554,81
8555,28
8556,8
8557,24
8558,12
8559,0
8560,12
8561,48
8562,13
8563,5
8564,72
8565,0
8566,8
8567,36
8568,12
8569,10
8570,8
8571,0
8572,12
8573,20
8574,0
8575,9
8576,0
8577,12
8578,16
8579,1
8580,9
8581,6
8582,56
8583,63
8584,15
8585,5
8586,35
8587,2
8588,0
8589,11
8590,10
8591,25
8592,14
8593,9
8594,32
8595,6
8596,15
8597,0
8598,12
8599,11
8600,7
8601,42
8602,15
8603,3
8604,4
8605,10
8606,6
8607,10
8608,18
8609,16
8610,10
8611,18
8612,0
8613,6
8614,0
8615,7
8616,15
8617,28
8618,3
8619,0
8620,17
8621,20
8622,7
8623,6
8624,10
8625,40
8626,10
8627,15
8628,6
8629,16
8630,6
8631,3
8632,11
8633,0
8634,0
8635,32
8636,8
8637,0
8638,6
8639,30
8640,0
8641,0
8642,5
8643,0
8644,0
8645,8
8646,8
8647,11
8648,0
8649,20
8650,6
8651,5
8652,4
8653,4
8654,12
8655,9
8656,13
8657,54
8658,0
8659,10
8660,27
8661,72
8662,9
8663,10
8664,2
8665,0
8666,0
8667,21
8668,42
8669,16
8670,49
8671,0
8672,0
8673,12
8674,12
8675,4
8676,54
8677,30
8678,9
8679,8
8680,0
8681,24
8682,54
8683,0
8684,18
8685,7
8686,13
8687,2
8688,28
8689,0
8690,0
8691,0
8692,6
8693,15
8694,21
8695,11
8696,0
8697,0
8698,16
8699,9
8700,0
8701,3
8702,0
8703,10
8704,35
8705,12
8706,14
8707,0
8708,72
8709,12
8710,9
8711,15
8712,0
8713,1
8714,11
8715,9
8716,0
8717,5
8718,16
8719,9
8720,18
8721,9
8722,28
8723,9
8724,18
8725,10
8726,0
8727,12
8728,48
8729,9
8730,8
8731,8
8732,9
8733,15
8734,2
8735,8
8736,6
8737,4
8738,5
8739,0
8740,6
8741,18
8742,7
8743,10
8744,4
8745,6
8746,11
8747,12
8748,7
8749,24
8750,8
8751,15
8752,6
8753,7
8754,8
8755,15
8756,8
8757,16
8758,6
8759,6
8760,16
8761,0
8762,12
8763,0
8764,0
8765,0
8766,3
8767,0
8768,64
8769,8
8770,9
8771,9
8772,0
8773,2
8774,0
8775,9
8776,0
8777,27
8778,40
8779,11
8780,36
8781,0
8782,2
8783,6
8784,8
8785,3
8786,0
8787,8
8788,4
8789,0
8790,42
8791,8
8792,9
8793,25
8794,7
8795,8
8796,3
8797,9
8798,72
8799,27
8800,4
8801,9
8802,0
8803,12
8804,18
8805,0
8806,8
8807,5
8808,14
8809,12
8810,9
8811,9
8812,14
8813,30
8814,5
8815,63
8816,12
8817,27
8818,9
8819,9
8820,0
8821,0
8822,7
8823,12
8824,12
8825,8
8826,12
8827,3
8828,12
8829,0
8830,9
8831,14
8832,0
8833,2
8834,9
8835,20
8836,28
8837,0
8838,9
8839,8
8840,0
8841,2
8842,0
8843,0
8844,12
8845,0
8846,6
8847,0
8848,12
8849,3
8850,4
8851,9
8852,40
8853,5
8854,0
8855,12
8856,12
8857,9
8858,6
8859,11
8860,14
8861,36
8862,25
8863,10
8864,4
8865,0
8866,0
8867,11
8868,4
8869,7
8870,7
8871,0
8872,6
8873,7
8874,25
8875,5
8876,16
8877,3
8878,56
8879,9
8880,11
8881,13
8882,36
8883,35
8884,16
8885,16
8886,18
8887,13
8888,6
8889,16
8890,7
8891,12
8892,42
8893,7
8894,15
8895,8
8896,36
8897,48
8898,0
8899,1
8900,48
8901,7
8902,0
8903,36
8904,4
8905,8
8906,30
8907,9
8908,4
8909,0
8910,2
8911,5
8912,8
8913,9
8914,0
8915,1
8916,0
8917,18
8918,8
8919,4
8920,8
8921,8
8922,0
8923,10
8924,0
8925,36
8926,15
8927,6
8928,1
8929,8
8930,9
8931,6
8932,8
8933,7
8934,5
8935,7
8936,14
8937,14
8938,9
8939,15
8940,18
8941,0
8942,0
8943,10
8944,0
8945,10
8946,6
8947,10
8948,6
8949,8
8950,7
8951,13
8952,12
8953,63
8954,0
8955,6
8956,0
8957,0
8958,0
8959,0
8960,0
8961,0
8962,7
8963,4
8964,12
8965,0
8966,2
8967,0
8968,9
8969,0
8970,11
8971,0
8972,0
8973,0
8974,9
8975,6
8976,0
8977,2
8978,12
8979,0
8980,3
8981,0
8982,18
8983,11
8984,0
8985,49
8986,3
8987,6
8988,11
8989,18
8990,0
8991,0
8992,0
8993,9
8994,6
8995,6
8996,0
8997,10
8998,10
8999,0
9000,9
9001,8
9002,11
9003,12
9004,15
9005,6
9006,56
9007,18
9008,21
9009,6
9010,0
9011,7
9012,0
9013,6
9014,0
9015,14
9016,0
9017,36
9018,3
9019,4
9020,0
9021,14
9022,4
9023,6
9024,0
9025,2
9026,0
9027,12
9028,8
9029,6
9030,10
9031,1
9032,56
9033,12
9034,1
9035,9
9036,0
9037,5
9038,72
9039,0
9040,0
9041,4
9042,0
9043,10
9044,40
9045,42
9046,0
9047,13
9048,0
9049,6
9050,9
9051,2
9052,14
9053,3
9054,11
9055,8
9056,28
9057,12
9058,16
9059,12
9060,0
9061,16
9062,4
9063,4
9064,14
9065,1
9066,4
9067,9
9068,11
9069,0
9070,12
9071,7
9072,6
9073,7
9074,2
9075,0
9076,10
9077,18
9078,15
9079,12
9080,4
9081,0
9082,16
9083,5
9084,6
9085,6
9086,13
9087,11
9088,12
9089,8
9090,10
9091,72
9092,16
9093,9
9094,1
9095,0
9096,10
9097,11
9098,8
9099,4
9100,5
9101,8
9102,0
9103,13
9104,11
9105,20
9106,12
9107,7
9108,8
9109,72
9110,7
9111,27
9112,13
9113,0
9114,12
9115,9
9116,6
9117,21
9118,24
9119,3
9120,7
9121,6
9122,8
9123,8
9124,0
9125,5
9126,5
9127,5
9128,8
9129,0
9130,14
9131,6
9132,10
9133,6
9134,9
9135,0
9136,32
9137,3
9138,35
9139,14
9140,8
9141,7
9142,6
9143,11
9144,0
9145,63
9146,12
9147,27
9148,8
9149,9
9150,15
9151,0
9152,0
9153,0
9154,30
9155,4
9156,9
9157,25
9158,0
9159,8
9160,0
9161,6
9162,1
9163,32
9164,1
9165,4
9166,7
9167,11
9168,27
9169,12
9170,0
9171,14
9172,12
9173,72
9174,18
9175,8
9176,11
9177,10
9178,9
9179,0
9180,11
9181,7
9182,12
9183,8
9184,9
9185,14
9186,6
9187,12
9188,56
9189,8
9190,14
9191,0
9192,0
9193,10
9194,9
9195,9
9196,8
9197,4
9198,0
9199,11
9200,8
9201,5
9202,0
9203,0
9204,15
9205,18
9206,12
9207,0
9208,7
9209,7
9210,9
9211,0
9212,6
9213,24
9214,0
9215,13
9216,0
9217,12
9218,10
9219,0
9220,56
9221,12
9222,0
9223,0
9224,10
9225,0
9226,35
9227,0
9228,7
9229,24
9230,14
9231,7
9232,7
9233,8
9234,9
9235,10
9236,9
9237,10
9238,7
9239,0
9240,10
9241,16
9242,10
9243,7
9244,1
9245,12
9246,0
9247,7
9248,2
9249,14
9250,8
9251,18
9252,1
9253,4
9254,10
9255,6
9256,12
9257,9
9258,21
9259,12
9260,7
9261,0
9262,4
9263,0
9264,8
9265,11
9266,56
9267,0
9268,14
9269,15
9270,7
9271,0
9272,0
9273,5
9274,54
9275,12
9276,4
9277,7
9278,6
9279,2
9280,4
9281,0
9282,0
9283,20
9284,12
9285,0
9286,8
9287,8
9288,12
9289,2
9290,11
9291,15
9292,5
9293,9
9294,11
9295,0
9296,0
9297,9
9298,21
9299,0
9300,0
9301,63
9302,56
9303,9
9304,12
9305,36
9306,0
9307,8
9308,56
9309,12
9310,9
9311,10
9312,9
9313,5
9314,7
9315,48
9316,0
9317,0
9318,24
9319,18
9320,0
9321,6
9322,7
9323,40
9324,11
9325,18
9326,10
9327,0
9328,2
9329,11
9330,20
9331,10
9332,28
9333,9
9334,21
9335,3
9336,0
9337,0
9338,8
9339,20
9340,11
9341,2
9342,9
9343,7
9344,10
9345,8
9346,28
9347,12
9348,14
9349,8
9350,9
9351,5
9352,9
9353,54
9354,9
9355,45
9356,5
9357,9
9358,2
9359,5
9360,40
9361,15
9362,8
9363,10
9364,30
9365,14
9366,10
9367,6
9368,0
9369,9
9370,35
9371,5
9372,6
9373,5
9374,36
9375,9
9376,5
9377,14
9378,0
9379,4
9380,0
9381,5
9382,6
9383,11
9384,0
9385,8
9386,6
9387,13
9388,72
9389,9
9390,7
9391,6
9392,18
9393,9
9394,45
9395,24
9396,8
9397,6
9398,8
9399,24
9400,0
9401,0
9402,17
9403,7
9404,6
9405,18
9406,11
9407,24
9408,12
9409,7
9410,1
9411,12
9412,9
9413,0
9414,6
9415,27
9416,12
9417,30
9418,0
9419,18
9420,0
9421,6
9422,3
9423,11
9424,0
9425,7
9426,14
9427,7
9428,10
9429,3
9430,7
9431,7
9432,9
9433,24
9434,2
9435,15
9436,9
9437,21
9438,8
9439,48
9440,9
9441,1
9442,14
9443,0
9444,5
9445,16
9446,48
9447,7
9448,0
9449,0
9450,7
9451,63
9452,16
9453,6
9454,14
9455,9
9456,14
9457,8
9458,4
9459,18
9460,56
9461,7
9462,8
9463,7
9464,5
9465,3
9466,24
9467,18
9468,36
9469,3
9470,0
9471,9
9472,14
9473,0
9474,0
9475,8
9476,0
9477,14
9478,18
9479,10
9480,3
9481,13
9482,10
9483,8
9484,11
9485,5
9486,16
9487,0
9488,6
9489,0
9490,6
9491,9
9492,4
9493,8
9494,0
9495,18
9496,17
9497,14
9498,11
9499,4
9500,11
9501,6
9502,6
9503,15
9504,0
9505,0
9506,7
9507,0
9508,6
9509,1
9510,7
9511,27
9512,10
9513,0
9514,0
9515,17
9516,0
9517,81
9518,0
9519,11
9520,4
9521,3
9522,15
9523,7
9524,54
9525,3
9526,0
9527,12
9528,8
9529,11
9530,9
9531,28
9532,7
9533,12
9534,0
9535,18
9536,7
9537,24
9538,54
9539,10
9540,0
9541,6
9542,12
9543,3
9544,0
9545,6
9546,0
9547,0
9548,10
9549,7
9550,14
9551,0
9552,16
9553,13
9554,5
9555,18
9556,7
9557,6
9558,0
9559,15
9560,9
9561,36
9562,0
9563,9
9564,0
9565,11
9566,49
9567,13
9568,30
9569,48
9570,42
9571,11
9572,1
9573,40
9574,10
9575,9
9576,40
9577,28
9578,15
9579,7
9580,12
9581,6
9582,21
9583,12
9584,28
9585,7
9586,10
9587,0
9588,4
9589,0
9590,9
9591,5
9592,5
9593,9
9594,0
9595,0
9596,40
9597,7
9598,16
9599,9
9600,9
9601,21
9602,15
9603,56
9604,12
9605,21
9606,10
9607,18
9608,12
9609,0
9610,4
9611,12
9612,1
9613,0
9614,0
9615,10
9616,1
9617,9
9618,9
9619,7
9620,7
9621,0
9622,18
9623,13
9624,11
9625,49
9626,28
9627,12
9628,24
9629,12
9630,8
9631,12
9632,9
9633,16
9634,10
9635,0
9636,0
9637,4
9638,8
9639,6
9640,17
9641,12
9642,45
9643,0
9644,18
9645,9
9646,0
9647,5
9648,12
9649,24
9650,20
9651,40
9652,0
9653,35
9654,40
9655,9
9656,0
9657,3
9658,18
9659,35
9660,12
9661,6
9662,0
9663,11
9664,0
9665,0
9666,0
9667,4
9668,20
9669,42
9670,4
9671,0
9672,6
9673,9
9674,8
9675,9
9676,28
9677,9
9678,7
9679,1
9680,8
9681,0
9682,0
9683,8
9684,0
9685,6
9686,45
9687,12
9688,45
9689,9
9690,9
9691,12
9692,15
9693,4
9694,7
9695,15
9696,0
9697,5
9698,12
9699,5
9700,8
9701,0
9702,11
9703,48
9704,8
9705,0
9706,9
9707,6
9708,9
9709,11
9710,36
9711,64
9712,4
9713,0
9714,7
9715,17
9716,9
9717,18
9718,11
9719,10
9720,6
9721,11
9722,8
9723,5
9724,0
9725,0
9726,6
9727,14
9728,28
9729,11
9730,36
9731,5
9732,4
9733,13
9734,12
9735,7
9736,15
9737,18
9738,0
9739,16
9740,5
9741,8
9742,48
9743,32
9744,9
9745,13
9746,56
9747,9
9748,0
9749,0
9750,10
9751,12
9752,1
9753,15
9754,7
9755,10
9756,28
9757,15
9758,7
9759,6
9760,13
9761,0
9762,6
9763,6
9764,9
9765,14
9766,1
9767,28
9768,7
9769,9
9770,3
9771,6
9772,8
9773,15
9774,0
9775,9
9776,10
9777,7
9778,0
9779,3
9780,0
9781,9
9782,5
9783,15
9784,11
9785,36
9786,13
9787,17
9788,16
9789,16
9790,8
9791,4
9792,18
9793,0
9794,9
9795,7
9796,8
9797,35
9798,0
9799,12
9800,15
9801,72
9802,54
9803,7
9804,0
9805,16
9806,17
9807,0
9808,3
9809,6
9810,6
9811,0
9812,0
9813,0
9814,9
9815,7
9816,14
9817,54
9818,7
9819,56
9820,14
9821,0
9822,54
9823,45
9824,11
9825,0
9826,0
9827,27
9828,0
9829,30
9830,12
9831,0
9832,7
9833,6
9834,12
9835,11
9836,10
9837,36
9838,8
9839,0
9840,9
9841,8
9842,10
9843,25
9844,56
9845,11
9846,4
9847,24
9848,8
9849,3
9850,6
9851,2
9852,8
9853,8
9854,0
9855,6
9856,0
9857,40
9858,40
9859,0
9860,18
9861,12
9862,12
9863,5
9864,0
9865,3
9866,6
9867,0
9868,1
9869,0
9870,13
9871,0
9872,0
9873,6
9874,54
9875,54
9876,5
9877,9
9878,4
9879,11
9880,14
9881,6
9882,0
9883,10
9884,0
9885,2
9886,10
9887,15
9888,4
9889,8
9890,6
9891,0
9892,24
9893,0
9894,8
9895,0
9896,4
9897,72
9898,17
9899,0
9900,8
9901,4
9902,0
9903,45
9904,7
9905,6
9906,2
9907,0
9908,27
9909,7
9910,0
9911,0
9912,4
9913,8
9914,8
9915,42
9916,7
9917,7
9918,10
9919,11
9920,8
9921,8
9922,12
9923,7
9924,18
9925,9
9926,14
9927,8
9928,49
9929,0
9930,0
9931,6
9932,9
9933,16
9934,0
9935,11
9936,1
9937,18
9938,0
9939,0
9940,4
9941,16
9942,56
9943,15
9944,24
9945,9
9946,21
9947,4
9948,32
9949,10
9950,4
9951,12
9952,48
9953,9
9954,8
9955,12
9956,15
9957,16
9958,11
9959,10
9960,0
9961,0
9962,40
9963,0
9964,16
9965,24
9966,0
9967,0
9968,5
9969,0
9970,0
9971,9
9972,14
9973,36
9974,11
9975,0
9976,6
9977,14
9978,8
9979,10
9980,12
9981,0
9982,8
9983,6
9984,6
9985,10
9986,0
9987,6
9988,9
9989,8
9990,15
9991,0
9992,13
9993,10
9994,4
9995,0
9996,8
9997,2
9998,56
9999,8
10000,2
